/home/nsueqygf/virtualenv/pragathipower.com/3.13/lib/python3.13/site-packages/requests/__init__.py:113: RequestsDependencyWarning: urllib3 (2.6.3) or chardet (7.4.3)/charset_normalizer (3.4.4) doesn't match a supported version!
  warnings.warn(
/home/nsueqygf/virtualenv/pragathipower.com/3.13/lib/python3.13/site-packages/requests/__init__.py:113: RequestsDependencyWarning: urllib3 (2.6.3) or chardet (7.4.3)/charset_normalizer (3.4.4) doesn't match a supported version!
  warnings.warn(
/home/nsueqygf/virtualenv/pragathipower.com/3.13/lib/python3.13/site-packages/requests/__init__.py:113: RequestsDependencyWarning: urllib3 (2.6.3) or chardet (7.4.3)/charset_normalizer (3.4.4) doesn't match a supported version!
  warnings.warn(
/home/nsueqygf/virtualenv/pragathipower.com/3.13/lib/python3.13/site-packages/requests/__init__.py:113: RequestsDependencyWarning: urllib3 (2.6.3) or chardet (7.4.3)/charset_normalizer (3.4.4) doesn't match a supported version!
  warnings.warn(
/home/nsueqygf/virtualenv/pragathipower.com/3.13/lib/python3.13/site-packages/requests/__init__.py:113: RequestsDependencyWarning: urllib3 (2.6.3) or chardet (7.4.3)/charset_normalizer (3.4.4) doesn't match a supported version!
  warnings.warn(
/home/nsueqygf/virtualenv/pragathipower.com/3.13/lib/python3.13/site-packages/requests/__init__.py:113: RequestsDependencyWarning: urllib3 (2.6.3) or chardet (7.4.3)/charset_normalizer (3.4.4) doesn't match a supported version!
  warnings.warn(
/home/nsueqygf/virtualenv/pragathipower.com/3.13/lib/python3.13/site-packages/requests/__init__.py:113: RequestsDependencyWarning: urllib3 (2.6.3) or chardet (7.4.3)/charset_normalizer (3.4.4) doesn't match a supported version!
  warnings.warn(
/home/nsueqygf/virtualenv/pragathipower.com/3.13/lib/python3.13/site-packages/requests/__init__.py:113: RequestsDependencyWarning: urllib3 (2.6.3) or chardet (7.4.3)/charset_normalizer (3.4.4) doesn't match a supported version!
  warnings.warn(
/home/nsueqygf/virtualenv/pragathipower.com/3.13/lib/python3.13/site-packages/requests/__init__.py:113: RequestsDependencyWarning: urllib3 (2.6.3) or chardet (7.4.3)/charset_normalizer (3.4.4) doesn't match a supported version!
  warnings.warn(
/home/nsueqygf/virtualenv/pragathipower.com/3.13/lib/python3.13/site-packages/requests/__init__.py:113: RequestsDependencyWarning: urllib3 (2.6.3) or chardet (7.4.3)/charset_normalizer (3.4.4) doesn't match a supported version!
  warnings.warn(
/home/nsueqygf/virtualenv/pragathipower.com/3.13/lib/python3.13/site-packages/requests/__init__.py:113: RequestsDependencyWarning: urllib3 (2.6.3) or chardet (7.4.3)/charset_normalizer (3.4.4) doesn't match a supported version!
  warnings.warn(
/home/nsueqygf/virtualenv/pragathipower.com/3.13/lib/python3.13/site-packages/requests/__init__.py:113: RequestsDependencyWarning: urllib3 (2.6.3) or chardet (7.4.3)/charset_normalizer (3.4.4) doesn't match a supported version!
  warnings.warn(
/home/nsueqygf/virtualenv/pragathipower.com/3.13/lib/python3.13/site-packages/requests/__init__.py:113: RequestsDependencyWarning: urllib3 (2.6.3) or chardet (7.4.3)/charset_normalizer (3.4.4) doesn't match a supported version!
  warnings.warn(
/home/nsueqygf/virtualenv/pragathipower.com/3.13/lib/python3.13/site-packages/requests/__init__.py:113: RequestsDependencyWarning: urllib3 (2.6.3) or chardet (7.4.3)/charset_normalizer (3.4.4) doesn't match a supported version!
  warnings.warn(
/home/nsueqygf/virtualenv/pragathipower.com/3.13/lib/python3.13/site-packages/requests/__init__.py:113: RequestsDependencyWarning: urllib3 (2.6.3) or chardet (7.4.3)/charset_normalizer (3.4.4) doesn't match a supported version!
  warnings.warn(
/home/nsueqygf/virtualenv/pragathipower.com/3.13/lib/python3.13/site-packages/requests/__init__.py:113: RequestsDependencyWarning: urllib3 (2.6.3) or chardet (7.4.3)/charset_normalizer (3.4.4) doesn't match a supported version!
  warnings.warn(
/home/nsueqygf/virtualenv/pragathipower.com/3.13/lib/python3.13/site-packages/requests/__init__.py:113: RequestsDependencyWarning: urllib3 (2.6.3) or chardet (7.4.3)/charset_normalizer (3.4.4) doesn't match a supported version!
  warnings.warn(
/home/nsueqygf/virtualenv/pragathipower.com/3.13/lib/python3.13/site-packages/requests/__init__.py:113: RequestsDependencyWarning: urllib3 (2.6.3) or chardet (7.4.3)/charset_normalizer (3.4.4) doesn't match a supported version!
  warnings.warn(
/home/nsueqygf/virtualenv/pragathipower.com/3.13/lib/python3.13/site-packages/requests/__init__.py:113: RequestsDependencyWarning: urllib3 (2.6.3) or chardet (7.4.3)/charset_normalizer (3.4.4) doesn't match a supported version!
  warnings.warn(
/home/nsueqygf/virtualenv/pragathipower.com/3.13/lib/python3.13/site-packages/requests/__init__.py:113: RequestsDependencyWarning: urllib3 (2.6.3) or chardet (7.4.3)/charset_normalizer (3.4.4) doesn't match a supported version!
  warnings.warn(
/home/nsueqygf/virtualenv/pragathipower.com/3.13/lib/python3.13/site-packages/requests/__init__.py:113: RequestsDependencyWarning: urllib3 (2.6.3) or chardet (7.4.3)/charset_normalizer (3.4.4) doesn't match a supported version!
  warnings.warn(
/home/nsueqygf/virtualenv/pragathipower.com/3.13/lib/python3.13/site-packages/requests/__init__.py:113: RequestsDependencyWarning: urllib3 (2.6.3) or chardet (7.4.3)/charset_normalizer (3.4.4) doesn't match a supported version!
  warnings.warn(
/home/nsueqygf/virtualenv/pragathipower.com/3.13/lib/python3.13/site-packages/requests/__init__.py:113: RequestsDependencyWarning: urllib3 (2.6.3) or chardet (7.4.3)/charset_normalizer (3.4.4) doesn't match a supported version!
  warnings.warn(
/home/nsueqygf/virtualenv/pragathipower.com/3.13/lib/python3.13/site-packages/requests/__init__.py:113: RequestsDependencyWarning: urllib3 (2.6.3) or chardet (7.4.3)/charset_normalizer (3.4.4) doesn't match a supported version!
  warnings.warn(
/home/nsueqygf/virtualenv/pragathipower.com/3.13/lib/python3.13/site-packages/requests/__init__.py:113: RequestsDependencyWarning: urllib3 (2.6.3) or chardet (7.4.3)/charset_normalizer (3.4.4) doesn't match a supported version!
  warnings.warn(
Not Found: /wind-energy/style.css
Not Found: /wind-energy/script.js
Not Found: /favicon.ico
Not Found: /favicon.ico
/home/nsueqygf/virtualenv/pragathipower.com/3.13/lib/python3.13/site-packages/requests/__init__.py:113: RequestsDependencyWarning: urllib3 (2.6.3) or chardet (7.4.3)/charset_normalizer (3.4.4) doesn't match a supported version!
  warnings.warn(
/home/nsueqygf/virtualenv/pragathipower.com/3.13/lib/python3.13/site-packages/requests/__init__.py:113: RequestsDependencyWarning: urllib3 (2.6.3) or chardet (7.4.3)/charset_normalizer (3.4.4) doesn't match a supported version!
  warnings.warn(
/home/nsueqygf/virtualenv/pragathipower.com/3.13/lib/python3.13/site-packages/requests/__init__.py:113: RequestsDependencyWarning: urllib3 (2.6.3) or chardet (7.4.3)/charset_normalizer (3.4.4) doesn't match a supported version!
  warnings.warn(
/home/nsueqygf/virtualenv/pragathipower.com/3.13/lib/python3.13/site-packages/requests/__init__.py:113: RequestsDependencyWarning: urllib3 (2.6.3) or chardet (7.4.3)/charset_normalizer (3.4.4) doesn't match a supported version!
  warnings.warn(
/home/nsueqygf/virtualenv/pragathipower.com/3.13/lib/python3.13/site-packages/requests/__init__.py:113: RequestsDependencyWarning: urllib3 (2.6.3) or chardet (7.4.3)/charset_normalizer (3.4.4) doesn't match a supported version!
  warnings.warn(
Not Found: /favicon.ico
/home/nsueqygf/virtualenv/pragathipower.com/3.13/lib/python3.13/site-packages/requests/__init__.py:113: RequestsDependencyWarning: urllib3 (2.6.3) or chardet (7.4.3)/charset_normalizer (3.4.4) doesn't match a supported version!
  warnings.warn(
Not Found: /field-inspector/login/
Not Found: /field-inspector/login/
Not Found: /field-inspector/login/
Not Found: /field-inspector/login/
Not Found: /field-inspector/login/
/home/nsueqygf/virtualenv/pragathipower.com/3.13/lib/python3.13/site-packages/requests/__init__.py:113: RequestsDependencyWarning: urllib3 (2.6.3) or chardet (7.4.3)/charset_normalizer (3.4.4) doesn't match a supported version!
  warnings.warn(
Not Found: /field-inspector/login/
Not Found: /field-inspector/login/
Not Found: /favicon.ico
/home/nsueqygf/virtualenv/pragathipower.com/3.13/lib/python3.13/site-packages/requests/__init__.py:113: RequestsDependencyWarning: urllib3 (2.6.3) or chardet (7.4.3)/charset_normalizer (3.4.4) doesn't match a supported version!
  warnings.warn(
/home/nsueqygf/virtualenv/pragathipower.com/3.13/lib/python3.13/site-packages/requests/__init__.py:113: RequestsDependencyWarning: urllib3 (2.6.3) or chardet (7.4.3)/charset_normalizer (3.4.4) doesn't match a supported version!
  warnings.warn(
/home/nsueqygf/virtualenv/pragathipower.com/3.13/lib/python3.13/site-packages/requests/__init__.py:113: RequestsDependencyWarning: urllib3 (2.6.3) or chardet (7.4.3)/charset_normalizer (3.4.4) doesn't match a supported version!
  warnings.warn(
/home/nsueqygf/virtualenv/pragathipower.com/3.13/lib/python3.13/site-packages/requests/__init__.py:113: RequestsDependencyWarning: urllib3 (2.6.3) or chardet (7.4.3)/charset_normalizer (3.4.4) doesn't match a supported version!
  warnings.warn(
Not Found: /field-inspector/login/
/home/nsueqygf/virtualenv/pragathipower.com/3.13/lib/python3.13/site-packages/requests/__init__.py:113: RequestsDependencyWarning: urllib3 (2.6.3) or chardet (7.4.3)/charset_normalizer (3.4.4) doesn't match a supported version!
  warnings.warn(
Not Found: /favicon.ico
/home/nsueqygf/virtualenv/pragathipower.com/3.13/lib/python3.13/site-packages/requests/__init__.py:113: RequestsDependencyWarning: urllib3 (2.6.3) or chardet (7.4.3)/charset_normalizer (3.4.4) doesn't match a supported version!
  warnings.warn(
Not Found: /favicon.ico
/home/nsueqygf/virtualenv/pragathipower.com/3.13/lib/python3.13/site-packages/requests/__init__.py:113: RequestsDependencyWarning: urllib3 (2.6.3) or chardet (7.4.3)/charset_normalizer (3.4.4) doesn't match a supported version!
  warnings.warn(
/home/nsueqygf/virtualenv/pragathipower.com/3.13/lib/python3.13/site-packages/requests/__init__.py:113: RequestsDependencyWarning: urllib3 (2.6.3) or chardet (7.4.3)/charset_normalizer (3.4.4) doesn't match a supported version!
  warnings.warn(
/home/nsueqygf/virtualenv/pragathipower.com/3.13/lib/python3.13/site-packages/requests/__init__.py:113: RequestsDependencyWarning: urllib3 (2.6.3) or chardet (7.4.3)/charset_normalizer (3.4.4) doesn't match a supported version!
  warnings.warn(
/home/nsueqygf/virtualenv/pragathipower.com/3.13/lib/python3.13/site-packages/requests/__init__.py:113: RequestsDependencyWarning: urllib3 (2.6.3) or chardet (7.4.3)/charset_normalizer (3.4.4) doesn't match a supported version!
  warnings.warn(
Not Found: /favicon.ico
/home/nsueqygf/virtualenv/pragathipower.com/3.13/lib/python3.13/site-packages/requests/__init__.py:113: RequestsDependencyWarning: urllib3 (2.6.3) or chardet (7.4.3)/charset_normalizer (3.4.4) doesn't match a supported version!
  warnings.warn(
/home/nsueqygf/virtualenv/pragathipower.com/3.13/lib/python3.13/site-packages/requests/__init__.py:113: RequestsDependencyWarning: urllib3 (2.6.3) or chardet (7.4.3)/charset_normalizer (3.4.4) doesn't match a supported version!
  warnings.warn(
/home/nsueqygf/virtualenv/pragathipower.com/3.13/lib/python3.13/site-packages/requests/__init__.py:113: RequestsDependencyWarning: urllib3 (2.6.3) or chardet (7.4.3)/charset_normalizer (3.4.4) doesn't match a supported version!
  warnings.warn(
/home/nsueqygf/virtualenv/pragathipower.com/3.13/lib/python3.13/site-packages/requests/__init__.py:113: RequestsDependencyWarning: urllib3 (2.6.3) or chardet (7.4.3)/charset_normalizer (3.4.4) doesn't match a supported version!
  warnings.warn(
Not Found: /favicon.ico
/home/nsueqygf/virtualenv/pragathipower.com/3.13/lib/python3.13/site-packages/requests/__init__.py:113: RequestsDependencyWarning: urllib3 (2.6.3) or chardet (7.4.3)/charset_normalizer (3.4.4) doesn't match a supported version!
  warnings.warn(
/home/nsueqygf/virtualenv/pragathipower.com/3.13/lib/python3.13/site-packages/requests/__init__.py:113: RequestsDependencyWarning: urllib3 (2.6.3) or chardet (7.4.3)/charset_normalizer (3.4.4) doesn't match a supported version!
  warnings.warn(
Not Found: /favicon.ico
/home/nsueqygf/virtualenv/pragathipower.com/3.13/lib/python3.13/site-packages/requests/__init__.py:113: RequestsDependencyWarning: urllib3 (2.6.3) or chardet (7.4.3)/charset_normalizer (3.4.4) doesn't match a supported version!
  warnings.warn(
Not Found: /field-inspector/login/
/home/nsueqygf/virtualenv/pragathipower.com/3.13/lib/python3.13/site-packages/requests/__init__.py:113: RequestsDependencyWarning: urllib3 (2.6.3) or chardet (7.4.3)/charset_normalizer (3.4.4) doesn't match a supported version!
  warnings.warn(
/home/nsueqygf/virtualenv/pragathipower.com/3.13/lib/python3.13/site-packages/requests/__init__.py:113: RequestsDependencyWarning: urllib3 (2.6.3) or chardet (7.4.3)/charset_normalizer (3.4.4) doesn't match a supported version!
  warnings.warn(
/home/nsueqygf/virtualenv/pragathipower.com/3.13/lib/python3.13/site-packages/requests/__init__.py:113: RequestsDependencyWarning: urllib3 (2.6.3) or chardet (7.4.3)/charset_normalizer (3.4.4) doesn't match a supported version!
  warnings.warn(
/home/nsueqygf/virtualenv/pragathipower.com/3.13/lib/python3.13/site-packages/requests/__init__.py:113: RequestsDependencyWarning: urllib3 (2.6.3) or chardet (7.4.3)/charset_normalizer (3.4.4) doesn't match a supported version!
  warnings.warn(
/home/nsueqygf/virtualenv/pragathipower.com/3.13/lib/python3.13/site-packages/requests/__init__.py:113: RequestsDependencyWarning: urllib3 (2.6.3) or chardet (7.4.3)/charset_normalizer (3.4.4) doesn't match a supported version!
  warnings.warn(
/home/nsueqygf/virtualenv/pragathipower.com/3.13/lib/python3.13/site-packages/requests/__init__.py:113: RequestsDependencyWarning: urllib3 (2.6.3) or chardet (7.4.3)/charset_normalizer (3.4.4) doesn't match a supported version!
  warnings.warn(
Not Found: /favicon.ico
/home/nsueqygf/virtualenv/pragathipower.com/3.13/lib/python3.13/site-packages/requests/__init__.py:113: RequestsDependencyWarning: urllib3 (2.6.3) or chardet (7.4.3)/charset_normalizer (3.4.4) doesn't match a supported version!
  warnings.warn(
/home/nsueqygf/virtualenv/pragathipower.com/3.13/lib/python3.13/site-packages/requests/__init__.py:113: RequestsDependencyWarning: urllib3 (2.6.3) or chardet (7.4.3)/charset_normalizer (3.4.4) doesn't match a supported version!
  warnings.warn(
/home/nsueqygf/virtualenv/pragathipower.com/3.13/lib/python3.13/site-packages/requests/__init__.py:113: RequestsDependencyWarning: urllib3 (2.6.3) or chardet (7.4.3)/charset_normalizer (3.4.4) doesn't match a supported version!
  warnings.warn(
/home/nsueqygf/virtualenv/pragathipower.com/3.13/lib/python3.13/site-packages/requests/__init__.py:113: RequestsDependencyWarning: urllib3 (2.6.3) or chardet (7.4.3)/charset_normalizer (3.4.4) doesn't match a supported version!
  warnings.warn(
/home/nsueqygf/virtualenv/pragathipower.com/3.13/lib/python3.13/site-packages/requests/__init__.py:113: RequestsDependencyWarning: urllib3 (2.6.3) or chardet (7.4.3)/charset_normalizer (3.4.4) doesn't match a supported version!
  warnings.warn(
/home/nsueqygf/virtualenv/pragathipower.com/3.13/lib/python3.13/site-packages/requests/__init__.py:113: RequestsDependencyWarning: urllib3 (2.6.3) or chardet (7.4.3)/charset_normalizer (3.4.4) doesn't match a supported version!
  warnings.warn(
/home/nsueqygf/virtualenv/pragathipower.com/3.13/lib/python3.13/site-packages/requests/__init__.py:113: RequestsDependencyWarning: urllib3 (2.6.3) or chardet (7.4.3)/charset_normalizer (3.4.4) doesn't match a supported version!
  warnings.warn(
/home/nsueqygf/virtualenv/pragathipower.com/3.13/lib/python3.13/site-packages/requests/__init__.py:113: RequestsDependencyWarning: urllib3 (2.6.3) or chardet (7.4.3)/charset_normalizer (3.4.4) doesn't match a supported version!
  warnings.warn(
/home/nsueqygf/virtualenv/pragathipower.com/3.13/lib/python3.13/site-packages/requests/__init__.py:113: RequestsDependencyWarning: urllib3 (2.6.3) or chardet (7.4.3)/charset_normalizer (3.4.4) doesn't match a supported version!
  warnings.warn(
/home/nsueqygf/virtualenv/pragathipower.com/3.13/lib/python3.13/site-packages/requests/__init__.py:113: RequestsDependencyWarning: urllib3 (2.6.3) or chardet (7.4.3)/charset_normalizer (3.4.4) doesn't match a supported version!
  warnings.warn(
/home/nsueqygf/virtualenv/pragathipower.com/3.13/lib/python3.13/site-packages/requests/__init__.py:113: RequestsDependencyWarning: urllib3 (2.6.3) or chardet (7.4.3)/charset_normalizer (3.4.4) doesn't match a supported version!
  warnings.warn(
/home/nsueqygf/virtualenv/pragathipower.com/3.13/lib/python3.13/site-packages/requests/__init__.py:113: RequestsDependencyWarning: urllib3 (2.6.3) or chardet (7.4.3)/charset_normalizer (3.4.4) doesn't match a supported version!
  warnings.warn(
/home/nsueqygf/virtualenv/pragathipower.com/3.13/lib/python3.13/site-packages/requests/__init__.py:113: RequestsDependencyWarning: urllib3 (2.6.3) or chardet (7.4.3)/charset_normalizer (3.4.4) doesn't match a supported version!
  warnings.warn(
Not Found: /robots.txt
/home/nsueqygf/virtualenv/pragathipower.com/3.13/lib/python3.13/site-packages/requests/__init__.py:113: RequestsDependencyWarning: urllib3 (2.6.3) or chardet (7.4.3)/charset_normalizer (3.4.4) doesn't match a supported version!
  warnings.warn(
/home/nsueqygf/virtualenv/pragathipower.com/3.13/lib/python3.13/site-packages/requests/__init__.py:113: RequestsDependencyWarning: urllib3 (2.6.3) or chardet (7.4.3)/charset_normalizer (3.4.4) doesn't match a supported version!
  warnings.warn(
/home/nsueqygf/virtualenv/pragathipower.com/3.13/lib/python3.13/site-packages/requests/__init__.py:113: RequestsDependencyWarning: urllib3 (2.6.3) or chardet (7.4.3)/charset_normalizer (3.4.4) doesn't match a supported version!
  warnings.warn(
/home/nsueqygf/virtualenv/pragathipower.com/3.13/lib/python3.13/site-packages/requests/__init__.py:113: RequestsDependencyWarning: urllib3 (2.6.3) or chardet (7.4.3)/charset_normalizer (3.4.4) doesn't match a supported version!
  warnings.warn(
/home/nsueqygf/virtualenv/pragathipower.com/3.13/lib/python3.13/site-packages/requests/__init__.py:113: RequestsDependencyWarning: urllib3 (2.6.3) or chardet (7.4.3)/charset_normalizer (3.4.4) doesn't match a supported version!
  warnings.warn(
/home/nsueqygf/virtualenv/pragathipower.com/3.13/lib/python3.13/site-packages/requests/__init__.py:113: RequestsDependencyWarning: urllib3 (2.6.3) or chardet (7.4.3)/charset_normalizer (3.4.4) doesn't match a supported version!
  warnings.warn(
/home/nsueqygf/virtualenv/pragathipower.com/3.13/lib/python3.13/site-packages/requests/__init__.py:113: RequestsDependencyWarning: urllib3 (2.6.3) or chardet (7.4.3)/charset_normalizer (3.4.4) doesn't match a supported version!
  warnings.warn(
/home/nsueqygf/virtualenv/pragathipower.com/3.13/lib/python3.13/site-packages/requests/__init__.py:113: RequestsDependencyWarning: urllib3 (2.6.3) or chardet (7.4.3)/charset_normalizer (3.4.4) doesn't match a supported version!
  warnings.warn(
/home/nsueqygf/virtualenv/pragathipower.com/3.13/lib/python3.13/site-packages/requests/__init__.py:113: RequestsDependencyWarning: urllib3 (2.6.3) or chardet (7.4.3)/charset_normalizer (3.4.4) doesn't match a supported version!
  warnings.warn(
/home/nsueqygf/virtualenv/pragathipower.com/3.13/lib/python3.13/site-packages/requests/__init__.py:113: RequestsDependencyWarning: urllib3 (2.6.3) or chardet (7.4.3)/charset_normalizer (3.4.4) doesn't match a supported version!
  warnings.warn(
Not Found: /favicon.ico
Not Found: /favicon.ico
Not Found: /favicon.ico
/home/nsueqygf/virtualenv/pragathipower.com/3.13/lib/python3.13/site-packages/requests/__init__.py:113: RequestsDependencyWarning: urllib3 (2.6.3) or chardet (7.4.3)/charset_normalizer (3.4.4) doesn't match a supported version!
  warnings.warn(
Not Found: /favicon.ico
/home/nsueqygf/virtualenv/pragathipower.com/3.13/lib/python3.13/site-packages/requests/__init__.py:113: RequestsDependencyWarning: urllib3 (2.6.3) or chardet (7.4.3)/charset_normalizer (3.4.4) doesn't match a supported version!
  warnings.warn(
Not Found: /favicon.ico
/home/nsueqygf/virtualenv/pragathipower.com/3.13/lib/python3.13/site-packages/requests/__init__.py:113: RequestsDependencyWarning: urllib3 (2.6.3) or chardet (7.4.3)/charset_normalizer (3.4.4) doesn't match a supported version!
  warnings.warn(
Not Found: /robots.txt
/home/nsueqygf/virtualenv/pragathipower.com/3.13/lib/python3.13/site-packages/requests/__init__.py:113: RequestsDependencyWarning: urllib3 (2.6.3) or chardet (7.4.3)/charset_normalizer (3.4.4) doesn't match a supported version!
  warnings.warn(
Not Found: /robots.txt
/home/nsueqygf/virtualenv/pragathipower.com/3.13/lib/python3.13/site-packages/requests/__init__.py:113: RequestsDependencyWarning: urllib3 (2.6.3) or chardet (7.4.3)/charset_normalizer (3.4.4) doesn't match a supported version!
  warnings.warn(
Not Found: /about.html
/home/nsueqygf/virtualenv/pragathipower.com/3.13/lib/python3.13/site-packages/requests/__init__.py:113: RequestsDependencyWarning: urllib3 (2.6.3) or chardet (7.4.3)/charset_normalizer (3.4.4) doesn't match a supported version!
  warnings.warn(
Not Found: /robots.txt
/home/nsueqygf/virtualenv/pragathipower.com/3.13/lib/python3.13/site-packages/requests/__init__.py:113: RequestsDependencyWarning: urllib3 (2.6.3) or chardet (7.4.3)/charset_normalizer (3.4.4) doesn't match a supported version!
  warnings.warn(
Not Found: /robots.txt
/home/nsueqygf/virtualenv/pragathipower.com/3.13/lib/python3.13/site-packages/requests/__init__.py:113: RequestsDependencyWarning: urllib3 (2.6.3) or chardet (7.4.3)/charset_normalizer (3.4.4) doesn't match a supported version!
  warnings.warn(
/home/nsueqygf/virtualenv/pragathipower.com/3.13/lib/python3.13/site-packages/requests/__init__.py:113: RequestsDependencyWarning: urllib3 (2.6.3) or chardet (7.4.3)/charset_normalizer (3.4.4) doesn't match a supported version!
  warnings.warn(
/home/nsueqygf/virtualenv/pragathipower.com/3.13/lib/python3.13/site-packages/requests/__init__.py:113: RequestsDependencyWarning: urllib3 (2.6.3) or chardet (7.4.3)/charset_normalizer (3.4.4) doesn't match a supported version!
  warnings.warn(
Invalid HTTP_HOST header: 'pragathipower.com.pragathihrs.com'. You may need to add 'pragathipower.com.pragathihrs.com' to ALLOWED_HOSTS.
Traceback (most recent call last):
  File "/home/nsueqygf/virtualenv/pragathipower.com/3.13/lib/python3.13/site-packages/django/core/handlers/exception.py", line 55, in inner
    response = get_response(request)
  File "/home/nsueqygf/virtualenv/pragathipower.com/3.13/lib/python3.13/site-packages/django/utils/deprecation.py", line 308, in __call__
    response = self.process_request(request)
  File "/home/nsueqygf/virtualenv/pragathipower.com/3.13/lib/python3.13/site-packages/django/middleware/common.py", line 48, in process_request
    host = request.get_host()
  File "/home/nsueqygf/virtualenv/pragathipower.com/3.13/lib/python3.13/site-packages/django/http/request.py", line 205, in get_host
    raise DisallowedHost(msg)
django.core.exceptions.DisallowedHost: Invalid HTTP_HOST header: 'pragathipower.com.pragathihrs.com'. You may need to add 'pragathipower.com.pragathihrs.com' to ALLOWED_HOSTS.
/home/nsueqygf/virtualenv/pragathipower.com/3.13/lib/python3.13/site-packages/requests/__init__.py:113: RequestsDependencyWarning: urllib3 (2.6.3) or chardet (7.4.3)/charset_normalizer (3.4.4) doesn't match a supported version!
  warnings.warn(
/home/nsueqygf/virtualenv/pragathipower.com/3.13/lib/python3.13/site-packages/requests/__init__.py:113: RequestsDependencyWarning: urllib3 (2.6.3) or chardet (7.4.3)/charset_normalizer (3.4.4) doesn't match a supported version!
  warnings.warn(
Not Found: /wp-login.php
Not Found: /wp-login.php
/home/nsueqygf/virtualenv/pragathipower.com/3.13/lib/python3.13/site-packages/requests/__init__.py:113: RequestsDependencyWarning: urllib3 (2.6.3) or chardet (7.4.3)/charset_normalizer (3.4.4) doesn't match a supported version!
  warnings.warn(
Not Found: /robots.txt
Not Found: /sitemap.xml
/home/nsueqygf/virtualenv/pragathipower.com/3.13/lib/python3.13/site-packages/requests/__init__.py:113: RequestsDependencyWarning: urllib3 (2.6.3) or chardet (7.4.3)/charset_normalizer (3.4.4) doesn't match a supported version!
  warnings.warn(
Not Found: /ads.txt
Not Found: /security.txt
Not Found: /.well-known/security.txt
Not Found: /llms.txt
Not Found: /humans.txt
/home/nsueqygf/virtualenv/pragathipower.com/3.13/lib/python3.13/site-packages/requests/__init__.py:113: RequestsDependencyWarning: urllib3 (2.6.3) or chardet (7.4.3)/charset_normalizer (3.4.4) doesn't match a supported version!
  warnings.warn(
Not Found: /robots.txt
/home/nsueqygf/virtualenv/pragathipower.com/3.13/lib/python3.13/site-packages/requests/__init__.py:113: RequestsDependencyWarning: urllib3 (2.6.3) or chardet (7.4.3)/charset_normalizer (3.4.4) doesn't match a supported version!
  warnings.warn(
/home/nsueqygf/virtualenv/pragathipower.com/3.13/lib/python3.13/site-packages/requests/__init__.py:113: RequestsDependencyWarning: urllib3 (2.6.3) or chardet (7.4.3)/charset_normalizer (3.4.4) doesn't match a supported version!
  warnings.warn(
/home/nsueqygf/virtualenv/pragathipower.com/3.13/lib/python3.13/site-packages/requests/__init__.py:113: RequestsDependencyWarning: urllib3 (2.6.3) or chardet (7.4.3)/charset_normalizer (3.4.4) doesn't match a supported version!
  warnings.warn(
/home/nsueqygf/virtualenv/pragathipower.com/3.13/lib/python3.13/site-packages/requests/__init__.py:113: RequestsDependencyWarning: urllib3 (2.6.3) or chardet (7.4.3)/charset_normalizer (3.4.4) doesn't match a supported version!
  warnings.warn(
/home/nsueqygf/virtualenv/pragathipower.com/3.13/lib/python3.13/site-packages/requests/__init__.py:113: RequestsDependencyWarning: urllib3 (2.6.3) or chardet (7.4.3)/charset_normalizer (3.4.4) doesn't match a supported version!
  warnings.warn(
/home/nsueqygf/virtualenv/pragathipower.com/3.13/lib/python3.13/site-packages/requests/__init__.py:113: RequestsDependencyWarning: urllib3 (2.6.3) or chardet (7.4.3)/charset_normalizer (3.4.4) doesn't match a supported version!
  warnings.warn(
/home/nsueqygf/virtualenv/pragathipower.com/3.13/lib/python3.13/site-packages/requests/__init__.py:113: RequestsDependencyWarning: urllib3 (2.6.3) or chardet (7.4.3)/charset_normalizer (3.4.4) doesn't match a supported version!
  warnings.warn(
Invalid HTTP_HOST header: 'www.pragathipower.com.pragathihrs.com'. You may need to add 'www.pragathipower.com.pragathihrs.com' to ALLOWED_HOSTS.
Traceback (most recent call last):
  File "/home/nsueqygf/virtualenv/pragathipower.com/3.13/lib/python3.13/site-packages/django/core/handlers/exception.py", line 55, in inner
    response = get_response(request)
  File "/home/nsueqygf/virtualenv/pragathipower.com/3.13/lib/python3.13/site-packages/django/utils/deprecation.py", line 308, in __call__
    response = self.process_request(request)
  File "/home/nsueqygf/virtualenv/pragathipower.com/3.13/lib/python3.13/site-packages/django/middleware/common.py", line 48, in process_request
    host = request.get_host()
  File "/home/nsueqygf/virtualenv/pragathipower.com/3.13/lib/python3.13/site-packages/django/http/request.py", line 205, in get_host
    raise DisallowedHost(msg)
django.core.exceptions.DisallowedHost: Invalid HTTP_HOST header: 'www.pragathipower.com.pragathihrs.com'. You may need to add 'www.pragathipower.com.pragathihrs.com' to ALLOWED_HOSTS.
/home/nsueqygf/virtualenv/pragathipower.com/3.13/lib/python3.13/site-packages/requests/__init__.py:113: RequestsDependencyWarning: urllib3 (2.6.3) or chardet (7.4.3)/charset_normalizer (3.4.4) doesn't match a supported version!
  warnings.warn(
/home/nsueqygf/virtualenv/pragathipower.com/3.13/lib/python3.13/site-packages/requests/__init__.py:113: RequestsDependencyWarning: urllib3 (2.6.3) or chardet (7.4.3)/charset_normalizer (3.4.4) doesn't match a supported version!
  warnings.warn(
Not Found: /images/quality.jpg
/home/nsueqygf/virtualenv/pragathipower.com/3.13/lib/python3.13/site-packages/requests/__init__.py:113: RequestsDependencyWarning: urllib3 (2.6.3) or chardet (7.4.3)/charset_normalizer (3.4.4) doesn't match a supported version!
  warnings.warn(
/home/nsueqygf/virtualenv/pragathipower.com/3.13/lib/python3.13/site-packages/requests/__init__.py:113: RequestsDependencyWarning: urllib3 (2.6.3) or chardet (7.4.3)/charset_normalizer (3.4.4) doesn't match a supported version!
  warnings.warn(
/home/nsueqygf/virtualenv/pragathipower.com/3.13/lib/python3.13/site-packages/requests/__init__.py:113: RequestsDependencyWarning: urllib3 (2.6.3) or chardet (7.4.3)/charset_normalizer (3.4.4) doesn't match a supported version!
  warnings.warn(
/home/nsueqygf/virtualenv/pragathipower.com/3.13/lib/python3.13/site-packages/requests/__init__.py:113: RequestsDependencyWarning: urllib3 (2.6.3) or chardet (7.4.3)/charset_normalizer (3.4.4) doesn't match a supported version!
  warnings.warn(
/home/nsueqygf/virtualenv/pragathipower.com/3.13/lib/python3.13/site-packages/requests/__init__.py:113: RequestsDependencyWarning: urllib3 (2.6.3) or chardet (7.4.3)/charset_normalizer (3.4.4) doesn't match a supported version!
  warnings.warn(
Not Found: /favicon.ico
Not Found: /favicon.ico
Not Found: /favicon.ico
Not Found: /favicon.ico
Not Found: /favicon.ico
Not Found: /favicon.ico
Not Found: /favicon.ico
Not Found: /favicon.ico
Not Found: /favicon.ico
Not Found: /favicon.ico
Not Found: /favicon.ico
/home/nsueqygf/virtualenv/pragathipower.com/3.13/lib/python3.13/site-packages/requests/__init__.py:113: RequestsDependencyWarning: urllib3 (2.6.3) or chardet (7.4.3)/charset_normalizer (3.4.4) doesn't match a supported version!
  warnings.warn(
/home/nsueqygf/virtualenv/pragathipower.com/3.13/lib/python3.13/site-packages/requests/__init__.py:113: RequestsDependencyWarning: urllib3 (2.6.3) or chardet (7.4.3)/charset_normalizer (3.4.4) doesn't match a supported version!
  warnings.warn(
/home/nsueqygf/virtualenv/pragathipower.com/3.13/lib/python3.13/site-packages/requests/__init__.py:113: RequestsDependencyWarning: urllib3 (2.6.3) or chardet (7.4.3)/charset_normalizer (3.4.4) doesn't match a supported version!
  warnings.warn(
/home/nsueqygf/virtualenv/pragathipower.com/3.13/lib/python3.13/site-packages/requests/__init__.py:113: RequestsDependencyWarning: urllib3 (2.6.3) or chardet (7.4.3)/charset_normalizer (3.4.4) doesn't match a supported version!
  warnings.warn(
/home/nsueqygf/virtualenv/pragathipower.com/3.13/lib/python3.13/site-packages/requests/__init__.py:113: RequestsDependencyWarning: urllib3 (2.6.3) or chardet (7.4.3)/charset_normalizer (3.4.4) doesn't match a supported version!
  warnings.warn(
/home/nsueqygf/virtualenv/pragathipower.com/3.13/lib/python3.13/site-packages/requests/__init__.py:113: RequestsDependencyWarning: urllib3 (2.6.3) or chardet (7.4.3)/charset_normalizer (3.4.4) doesn't match a supported version!
  warnings.warn(
/home/nsueqygf/virtualenv/pragathipower.com/3.13/lib/python3.13/site-packages/requests/__init__.py:113: RequestsDependencyWarning: urllib3 (2.6.3) or chardet (7.4.3)/charset_normalizer (3.4.4) doesn't match a supported version!
  warnings.warn(
/home/nsueqygf/virtualenv/pragathipower.com/3.13/lib/python3.13/site-packages/requests/__init__.py:113: RequestsDependencyWarning: urllib3 (2.6.3) or chardet (7.4.3)/charset_normalizer (3.4.4) doesn't match a supported version!
  warnings.warn(
Not Found: /favicon.ico
Not Found: /favicon.ico
/home/nsueqygf/virtualenv/pragathipower.com/3.13/lib/python3.13/site-packages/requests/__init__.py:113: RequestsDependencyWarning: urllib3 (2.6.3) or chardet (7.4.3)/charset_normalizer (3.4.4) doesn't match a supported version!
  warnings.warn(
/home/nsueqygf/virtualenv/pragathipower.com/3.13/lib/python3.13/site-packages/requests/__init__.py:113: RequestsDependencyWarning: urllib3 (2.6.3) or chardet (7.4.3)/charset_normalizer (3.4.4) doesn't match a supported version!
  warnings.warn(
/home/nsueqygf/virtualenv/pragathipower.com/3.13/lib/python3.13/site-packages/requests/__init__.py:113: RequestsDependencyWarning: urllib3 (2.6.3) or chardet (7.4.3)/charset_normalizer (3.4.4) doesn't match a supported version!
  warnings.warn(
/home/nsueqygf/virtualenv/pragathipower.com/3.13/lib/python3.13/site-packages/requests/__init__.py:113: RequestsDependencyWarning: urllib3 (2.6.3) or chardet (7.4.3)/charset_normalizer (3.4.4) doesn't match a supported version!
  warnings.warn(
Not Found: /robots.txt
/home/nsueqygf/virtualenv/pragathipower.com/3.13/lib/python3.13/site-packages/requests/__init__.py:113: RequestsDependencyWarning: urllib3 (2.6.3) or chardet (7.4.3)/charset_normalizer (3.4.4) doesn't match a supported version!
  warnings.warn(
/home/nsueqygf/virtualenv/pragathipower.com/3.13/lib/python3.13/site-packages/requests/__init__.py:113: RequestsDependencyWarning: urllib3 (2.6.3) or chardet (7.4.3)/charset_normalizer (3.4.4) doesn't match a supported version!
  warnings.warn(
Invalid HTTP_HOST header: 'www.pragathipower.com.pragathihrs.com'. You may need to add 'www.pragathipower.com.pragathihrs.com' to ALLOWED_HOSTS.
Traceback (most recent call last):
  File "/home/nsueqygf/virtualenv/pragathipower.com/3.13/lib/python3.13/site-packages/django/core/handlers/exception.py", line 55, in inner
    response = get_response(request)
  File "/home/nsueqygf/virtualenv/pragathipower.com/3.13/lib/python3.13/site-packages/django/utils/deprecation.py", line 308, in __call__
    response = self.process_request(request)
  File "/home/nsueqygf/virtualenv/pragathipower.com/3.13/lib/python3.13/site-packages/django/middleware/common.py", line 48, in process_request
    host = request.get_host()
  File "/home/nsueqygf/virtualenv/pragathipower.com/3.13/lib/python3.13/site-packages/django/http/request.py", line 205, in get_host
    raise DisallowedHost(msg)
django.core.exceptions.DisallowedHost: Invalid HTTP_HOST header: 'www.pragathipower.com.pragathihrs.com'. You may need to add 'www.pragathipower.com.pragathihrs.com' to ALLOWED_HOSTS.
/home/nsueqygf/virtualenv/pragathipower.com/3.13/lib/python3.13/site-packages/requests/__init__.py:113: RequestsDependencyWarning: urllib3 (2.6.3) or chardet (7.4.3)/charset_normalizer (3.4.4) doesn't match a supported version!
  warnings.warn(
Invalid HTTP_HOST header: 'www.pragathipower.com.pragathihrs.com'. You may need to add 'www.pragathipower.com.pragathihrs.com' to ALLOWED_HOSTS.
Traceback (most recent call last):
  File "/home/nsueqygf/virtualenv/pragathipower.com/3.13/lib/python3.13/site-packages/django/core/handlers/exception.py", line 55, in inner
    response = get_response(request)
  File "/home/nsueqygf/virtualenv/pragathipower.com/3.13/lib/python3.13/site-packages/django/utils/deprecation.py", line 308, in __call__
    response = self.process_request(request)
  File "/home/nsueqygf/virtualenv/pragathipower.com/3.13/lib/python3.13/site-packages/django/middleware/common.py", line 48, in process_request
    host = request.get_host()
  File "/home/nsueqygf/virtualenv/pragathipower.com/3.13/lib/python3.13/site-packages/django/http/request.py", line 205, in get_host
    raise DisallowedHost(msg)
django.core.exceptions.DisallowedHost: Invalid HTTP_HOST header: 'www.pragathipower.com.pragathihrs.com'. You may need to add 'www.pragathipower.com.pragathihrs.com' to ALLOWED_HOSTS.
/home/nsueqygf/virtualenv/pragathipower.com/3.13/lib/python3.13/site-packages/requests/__init__.py:113: RequestsDependencyWarning: urllib3 (2.6.3) or chardet (7.4.3)/charset_normalizer (3.4.4) doesn't match a supported version!
  warnings.warn(
Not Found: /robots.txt
/home/nsueqygf/virtualenv/pragathipower.com/3.13/lib/python3.13/site-packages/requests/__init__.py:113: RequestsDependencyWarning: urllib3 (2.6.3) or chardet (7.4.3)/charset_normalizer (3.4.4) doesn't match a supported version!
  warnings.warn(
Invalid HTTP_HOST header: 'www.pragathipower.com.pragathihrs.com'. You may need to add 'www.pragathipower.com.pragathihrs.com' to ALLOWED_HOSTS.
Traceback (most recent call last):
  File "/home/nsueqygf/virtualenv/pragathipower.com/3.13/lib/python3.13/site-packages/django/core/handlers/exception.py", line 55, in inner
    response = get_response(request)
  File "/home/nsueqygf/virtualenv/pragathipower.com/3.13/lib/python3.13/site-packages/django/utils/deprecation.py", line 308, in __call__
    response = self.process_request(request)
  File "/home/nsueqygf/virtualenv/pragathipower.com/3.13/lib/python3.13/site-packages/django/middleware/common.py", line 48, in process_request
    host = request.get_host()
  File "/home/nsueqygf/virtualenv/pragathipower.com/3.13/lib/python3.13/site-packages/django/http/request.py", line 205, in get_host
    raise DisallowedHost(msg)
django.core.exceptions.DisallowedHost: Invalid HTTP_HOST header: 'www.pragathipower.com.pragathihrs.com'. You may need to add 'www.pragathipower.com.pragathihrs.com' to ALLOWED_HOSTS.
/home/nsueqygf/virtualenv/pragathipower.com/3.13/lib/python3.13/site-packages/requests/__init__.py:113: RequestsDependencyWarning: urllib3 (2.6.3) or chardet (7.4.3)/charset_normalizer (3.4.4) doesn't match a supported version!
  warnings.warn(
Not Found: /favicon.ico
Not Found: /favicon.ico
Not Found: /favicon.ico
/home/nsueqygf/virtualenv/pragathipower.com/3.13/lib/python3.13/site-packages/requests/__init__.py:113: RequestsDependencyWarning: urllib3 (2.6.3) or chardet (7.4.3)/charset_normalizer (3.4.4) doesn't match a supported version!
  warnings.warn(
Not Found: /favicon.ico
Not Found: /favicon.ico
Not Found: /favicon.ico
Not Found: /favicon.ico
Forbidden (CSRF token from POST incorrect.): /client/login/
Not Found: /favicon.ico
Not Found: /favicon.ico
Not Found: /favicon.ico
Not Found: /favicon.ico
Not Found: /favicon.ico
Not Found: /favicon.ico
Not Found: /favicon.ico
Not Found: /favicon.ico
Not Found: /favicon.ico
Not Found: /favicon.ico
Not Found: /favicon.ico
Not Found: /favicon.ico
Not Found: /favicon.ico
Not Found: /favicon.ico
Not Found: /favicon.ico
Not Found: /favicon.ico
Not Found: /favicon.ico
Not Found: /favicon.ico
Not Found: /favicon.ico
Not Found: /favicon.ico
Not Found: /favicon.ico
Not Found: /favicon.ico
Not Found: /favicon.ico
Not Found: /favicon.ico
Not Found: /favicon.ico
Not Found: /favicon.ico
Not Found: /favicon.ico
Not Found: /favicon.ico
Not Found: /favicon.ico
Not Found: /favicon.ico
Not Found: /favicon.ico
Not Found: /favicon.ico
Not Found: /favicon.ico
Not Found: /favicon.ico
Not Found: /favicon.ico
Not Found: /favicon.ico
Not Found: /favicon.ico
Not Found: /favicon.ico
Not Found: /favicon.ico
Not Found: /favicon.ico
Forbidden (CSRF token from POST incorrect.): /inspector/login/
Not Found: /favicon.ico
Not Found: /favicon.ico
/home/nsueqygf/virtualenv/pragathipower.com/3.13/lib/python3.13/site-packages/requests/__init__.py:113: RequestsDependencyWarning: urllib3 (2.6.3) or chardet (7.4.3)/charset_normalizer (3.4.4) doesn't match a supported version!
  warnings.warn(
/home/nsueqygf/virtualenv/pragathipower.com/3.13/lib/python3.13/site-packages/requests/__init__.py:113: RequestsDependencyWarning: urllib3 (2.6.3) or chardet (7.4.3)/charset_normalizer (3.4.4) doesn't match a supported version!
  warnings.warn(
Not Found: /robots.txt
/home/nsueqygf/virtualenv/pragathipower.com/3.13/lib/python3.13/site-packages/requests/__init__.py:113: RequestsDependencyWarning: urllib3 (2.6.3) or chardet (7.4.3)/charset_normalizer (3.4.4) doesn't match a supported version!
  warnings.warn(
Not Found: /robots.txt
/home/nsueqygf/virtualenv/pragathipower.com/3.13/lib/python3.13/site-packages/requests/__init__.py:113: RequestsDependencyWarning: urllib3 (2.6.3) or chardet (7.4.3)/charset_normalizer (3.4.4) doesn't match a supported version!
  warnings.warn(
Not Found: /robots.txt
/home/nsueqygf/virtualenv/pragathipower.com/3.13/lib/python3.13/site-packages/requests/__init__.py:113: RequestsDependencyWarning: urllib3 (2.6.3) or chardet (7.4.3)/charset_normalizer (3.4.4) doesn't match a supported version!
  warnings.warn(
/home/nsueqygf/virtualenv/pragathipower.com/3.13/lib/python3.13/site-packages/requests/__init__.py:113: RequestsDependencyWarning: urllib3 (2.6.3) or chardet (7.4.3)/charset_normalizer (3.4.4) doesn't match a supported version!
  warnings.warn(
Not Found: /robots.txt
/home/nsueqygf/virtualenv/pragathipower.com/3.13/lib/python3.13/site-packages/requests/__init__.py:113: RequestsDependencyWarning: urllib3 (2.6.3) or chardet (7.4.3)/charset_normalizer (3.4.4) doesn't match a supported version!
  warnings.warn(
/home/nsueqygf/virtualenv/pragathipower.com/3.13/lib/python3.13/site-packages/requests/__init__.py:113: RequestsDependencyWarning: urllib3 (2.6.3) or chardet (7.4.3)/charset_normalizer (3.4.4) doesn't match a supported version!
  warnings.warn(
Forbidden (CSRF cookie not set.): /api/submit-client-enquiry/
Forbidden (CSRF cookie not set.): /api/submit-client-enquiry/
Forbidden (CSRF cookie not set.): /api/submit-client-enquiry/
Forbidden (CSRF cookie not set.): /api/submit-client-enquiry/
Forbidden (CSRF cookie not set.): /api/submit-client-enquiry/
Forbidden (CSRF cookie not set.): /api/submit-client-enquiry/
Forbidden (CSRF cookie not set.): /api/submit-client-enquiry/
Forbidden (CSRF cookie not set.): /api/submit-client-enquiry/
Forbidden (CSRF cookie not set.): /api/submit-client-enquiry/
Forbidden (CSRF cookie not set.): /api/submit-client-enquiry/
============================================================
VENDOR REGISTRATION FORM SUBMITTED
Vendor created: c752ae31-7128-4026-b2e2-d8b557c16e49
Confirmation email sent to kaidjauharjs@yahoo.com
Admin email error: 'Settings' object has no attribute 'ADMIN_EMAIL'
/home/nsueqygf/virtualenv/pragathipower.com/3.13/lib/python3.13/site-packages/requests/__init__.py:113: RequestsDependencyWarning: urllib3 (2.6.3) or chardet (7.4.3)/charset_normalizer (3.4.4) doesn't match a supported version!
  warnings.warn(
/home/nsueqygf/virtualenv/pragathipower.com/3.13/lib/python3.13/site-packages/requests/__init__.py:113: RequestsDependencyWarning: urllib3 (2.6.3) or chardet (7.4.3)/charset_normalizer (3.4.4) doesn't match a supported version!
  warnings.warn(
Not Found: /robots.txt
Not Found: /favicon.ico
Not Found: /static/images/fevicon.ico
/home/nsueqygf/virtualenv/pragathipower.com/3.13/lib/python3.13/site-packages/requests/__init__.py:113: RequestsDependencyWarning: urllib3 (2.6.3) or chardet (7.4.3)/charset_normalizer (3.4.4) doesn't match a supported version!
  warnings.warn(
Not Found: /favicon.ico
/home/nsueqygf/virtualenv/pragathipower.com/3.13/lib/python3.13/site-packages/requests/__init__.py:113: RequestsDependencyWarning: urllib3 (2.6.3) or chardet (7.4.3)/charset_normalizer (3.4.4) doesn't match a supported version!
  warnings.warn(
/home/nsueqygf/virtualenv/pragathipower.com/3.13/lib/python3.13/site-packages/requests/__init__.py:113: RequestsDependencyWarning: urllib3 (2.6.3) or chardet (7.4.3)/charset_normalizer (3.4.4) doesn't match a supported version!
  warnings.warn(
/home/nsueqygf/virtualenv/pragathipower.com/3.13/lib/python3.13/site-packages/requests/__init__.py:113: RequestsDependencyWarning: urllib3 (2.6.3) or chardet (7.4.3)/charset_normalizer (3.4.4) doesn't match a supported version!
  warnings.warn(
/home/nsueqygf/virtualenv/pragathipower.com/3.13/lib/python3.13/site-packages/requests/__init__.py:113: RequestsDependencyWarning: urllib3 (2.6.3) or chardet (7.4.3)/charset_normalizer (3.4.4) doesn't match a supported version!
  warnings.warn(
/home/nsueqygf/virtualenv/pragathipower.com/3.13/lib/python3.13/site-packages/requests/__init__.py:113: RequestsDependencyWarning: urllib3 (2.6.3) or chardet (7.4.3)/charset_normalizer (3.4.4) doesn't match a supported version!
  warnings.warn(
/home/nsueqygf/virtualenv/pragathipower.com/3.13/lib/python3.13/site-packages/requests/__init__.py:113: RequestsDependencyWarning: urllib3 (2.6.3) or chardet (7.4.3)/charset_normalizer (3.4.4) doesn't match a supported version!
  warnings.warn(
Not Found: /favicon.ico
Not Found: /static/images/Favicon.ico
Internal Server Error: /detailed-client-enquiry/86b23f22-fbf4-4834-b382-90d8f79b3577/
Traceback (most recent call last):
  File "/home/nsueqygf/virtualenv/pragathipower.com/3.13/lib/python3.13/site-packages/django/core/handlers/exception.py", line 55, in inner
    response = get_response(request)
  File "/home/nsueqygf/virtualenv/pragathipower.com/3.13/lib/python3.13/site-packages/django/core/handlers/base.py", line 198, in _get_response
    response = wrapped_callback(request, *callback_args, **callback_kwargs)
  File "/home/nsueqygf/virtualenv/pragathipower.com/3.13/lib/python3.13/site-packages/django/views/decorators/csrf.py", line 65, in _view_wrapper
    return view_func(request, *args, **kwargs)
  File "/home/nsueqygf/pragathipower.com/power/views.py", line 1059, in detailed_client_enquiry
    print(f"\u2705 User updated: {email}, password reset to: {mobile}")
    ~~~~~^^^^^^^^^^^^^^^^^^^^^^^^^^^^^^^^^^^^^^^^^^^^^^^^^^^^^^^^^^
UnicodeEncodeError: 'ascii' codec can't encode character '\u2705' in position 0: ordinal not in range(128)
Not Found: /static/images/Favicon.ico
Internal Server Error: /detailed-client-enquiry/86b23f22-fbf4-4834-b382-90d8f79b3577/
Traceback (most recent call last):
  File "/home/nsueqygf/virtualenv/pragathipower.com/3.13/lib/python3.13/site-packages/django/core/handlers/exception.py", line 55, in inner
    response = get_response(request)
  File "/home/nsueqygf/virtualenv/pragathipower.com/3.13/lib/python3.13/site-packages/django/core/handlers/base.py", line 198, in _get_response
    response = wrapped_callback(request, *callback_args, **callback_kwargs)
  File "/home/nsueqygf/virtualenv/pragathipower.com/3.13/lib/python3.13/site-packages/django/views/decorators/csrf.py", line 65, in _view_wrapper
    return view_func(request, *args, **kwargs)
  File "/home/nsueqygf/pragathipower.com/power/views.py", line 1059, in detailed_client_enquiry
    print(f"\u2705 User updated: {email}, password reset to: {mobile}")
    ~~~~~^^^^^^^^^^^^^^^^^^^^^^^^^^^^^^^^^^^^^^^^^^^^^^^^^^^^^^^^^^
UnicodeEncodeError: 'ascii' codec can't encode character '\u2705' in position 0: ordinal not in range(128)
Internal Server Error: /detailed-client-enquiry/86b23f22-fbf4-4834-b382-90d8f79b3577/
Traceback (most recent call last):
  File "/home/nsueqygf/virtualenv/pragathipower.com/3.13/lib/python3.13/site-packages/django/core/handlers/exception.py", line 55, in inner
    response = get_response(request)
  File "/home/nsueqygf/virtualenv/pragathipower.com/3.13/lib/python3.13/site-packages/django/core/handlers/base.py", line 198, in _get_response
    response = wrapped_callback(request, *callback_args, **callback_kwargs)
  File "/home/nsueqygf/virtualenv/pragathipower.com/3.13/lib/python3.13/site-packages/django/views/decorators/csrf.py", line 65, in _view_wrapper
    return view_func(request, *args, **kwargs)
  File "/home/nsueqygf/pragathipower.com/power/views.py", line 1059, in detailed_client_enquiry
    print(f"\u2705 User updated: {email}, password reset to: {mobile}")
    ~~~~~^^^^^^^^^^^^^^^^^^^^^^^^^^^^^^^^^^^^^^^^^^^^^^^^^^^^^^^^^^
UnicodeEncodeError: 'ascii' codec can't encode character '\u2705' in position 0: ordinal not in range(128)
/home/nsueqygf/virtualenv/pragathipower.com/3.13/lib/python3.13/site-packages/requests/__init__.py:113: RequestsDependencyWarning: urllib3 (2.6.3) or chardet (7.4.3)/charset_normalizer (3.4.4) doesn't match a supported version!
  warnings.warn(
Not Found: /static/images/Favicon.ico
Internal Server Error: /detailed-client-enquiry/86b23f22-fbf4-4834-b382-90d8f79b3577/
Traceback (most recent call last):
  File "/home/nsueqygf/virtualenv/pragathipower.com/3.13/lib/python3.13/site-packages/django/core/handlers/exception.py", line 55, in inner
    response = get_response(request)
  File "/home/nsueqygf/virtualenv/pragathipower.com/3.13/lib/python3.13/site-packages/django/core/handlers/base.py", line 198, in _get_response
    response = wrapped_callback(request, *callback_args, **callback_kwargs)
  File "/home/nsueqygf/virtualenv/pragathipower.com/3.13/lib/python3.13/site-packages/django/views/decorators/csrf.py", line 65, in _view_wrapper
    return view_func(request, *args, **kwargs)
  File "/home/nsueqygf/pragathipower.com/power/views.py", line 1059, in detailed_client_enquiry
    print(f"\u2705 User updated: {email}, password reset to: {mobile}")
    ~~~~~^^^^^^^^^^^^^^^^^^^^^^^^^^^^^^^^^^^^^^^^^^^^^^^^^^^^^^^^^^
UnicodeEncodeError: 'ascii' codec can't encode character '\u2705' in position 0: ordinal not in range(128)
Not Found: /favicon.ico
Not Found: /favicon.ico
Not Found: /favicon.ico
/home/nsueqygf/virtualenv/pragathipower.com/3.13/lib/python3.13/site-packages/requests/__init__.py:113: RequestsDependencyWarning: urllib3 (2.6.3) or chardet (7.4.3)/charset_normalizer (3.4.4) doesn't match a supported version!
  warnings.warn(
/home/nsueqygf/virtualenv/pragathipower.com/3.13/lib/python3.13/site-packages/requests/__init__.py:113: RequestsDependencyWarning: urllib3 (2.6.3) or chardet (7.4.3)/charset_normalizer (3.4.4) doesn't match a supported version!
  warnings.warn(
Not Found: /favicon.ico
Forbidden (CSRF token from POST incorrect.): /vendor-registration/
Not Found: /static/images/Favicon.ico
============================================================
VENDOR REGISTRATION FORM SUBMITTED
Vendor created: bf3f28b3-5344-49c0-9669-704a4384ebf5
Confirmation email sent to harshitamishra755@gmail.com
Admin email error: 'Settings' object has no attribute 'ADMIN_EMAIL'
No email template defined for stage 'detailed_form_submitted' (mail_code '03-PP Vendor')
/home/nsueqygf/virtualenv/pragathipower.com/3.13/lib/python3.13/site-packages/requests/__init__.py:113: RequestsDependencyWarning: urllib3 (2.6.3) or chardet (7.4.3)/charset_normalizer (3.4.4) doesn't match a supported version!
  warnings.warn(
/home/nsueqygf/virtualenv/pragathipower.com/3.13/lib/python3.13/site-packages/requests/__init__.py:113: RequestsDependencyWarning: urllib3 (2.6.3) or chardet (7.4.3)/charset_normalizer (3.4.4) doesn't match a supported version!
  warnings.warn(
Not Found: /favicon.ico
Not Found: /vendor/upload/9f7793fbcbfa4293ad56d8ff6f0416f9/
Not Found: /favicon.ico
/home/nsueqygf/virtualenv/pragathipower.com/3.13/lib/python3.13/site-packages/requests/__init__.py:113: RequestsDependencyWarning: urllib3 (2.6.3) or chardet (7.4.3)/charset_normalizer (3.4.4) doesn't match a supported version!
  warnings.warn(
Not Found: /favicon.ico
Not Found: /vendor/
Not Found: /favicon.ico
Internal Server Error: /detailed-client-enquiry/86b23f22-fbf4-4834-b382-90d8f79b3577/
Traceback (most recent call last):
  File "/home/nsueqygf/virtualenv/pragathipower.com/3.13/lib/python3.13/site-packages/django/core/handlers/exception.py", line 55, in inner
    response = get_response(request)
  File "/home/nsueqygf/virtualenv/pragathipower.com/3.13/lib/python3.13/site-packages/django/core/handlers/base.py", line 198, in _get_response
    response = wrapped_callback(request, *callback_args, **callback_kwargs)
  File "/home/nsueqygf/virtualenv/pragathipower.com/3.13/lib/python3.13/site-packages/django/views/decorators/csrf.py", line 65, in _view_wrapper
    return view_func(request, *args, **kwargs)
  File "/home/nsueqygf/pragathipower.com/power/views.py", line 1059, in detailed_client_enquiry
    print(f"\u2705 User updated: {email}, password reset to: {mobile}")
    ~~~~~^^^^^^^^^^^^^^^^^^^^^^^^^^^^^^^^^^^^^^^^^^^^^^^^^^^^^^^^^^
UnicodeEncodeError: 'ascii' codec can't encode character '\u2705' in position 0: ordinal not in range(128)
Internal Server Error: /detailed-client-enquiry/86b23f22-fbf4-4834-b382-90d8f79b3577/
Traceback (most recent call last):
  File "/home/nsueqygf/virtualenv/pragathipower.com/3.13/lib/python3.13/site-packages/django/core/handlers/exception.py", line 55, in inner
    response = get_response(request)
  File "/home/nsueqygf/virtualenv/pragathipower.com/3.13/lib/python3.13/site-packages/django/core/handlers/base.py", line 198, in _get_response
    response = wrapped_callback(request, *callback_args, **callback_kwargs)
  File "/home/nsueqygf/virtualenv/pragathipower.com/3.13/lib/python3.13/site-packages/django/views/decorators/csrf.py", line 65, in _view_wrapper
    return view_func(request, *args, **kwargs)
  File "/home/nsueqygf/pragathipower.com/power/views.py", line 1059, in detailed_client_enquiry
    print(f"\u2705 User updated: {email}, password reset to: {mobile}")
    ~~~~~^^^^^^^^^^^^^^^^^^^^^^^^^^^^^^^^^^^^^^^^^^^^^^^^^^^^^^^^^^
UnicodeEncodeError: 'ascii' codec can't encode character '\u2705' in position 0: ordinal not in range(128)
Not Found: /favicon.ico
Internal Server Error: /detailed-client-enquiry/cbf50395-65a6-458f-93bc-817bbc30789e/
Traceback (most recent call last):
  File "/home/nsueqygf/virtualenv/pragathipower.com/3.13/lib/python3.13/site-packages/django/core/handlers/exception.py", line 55, in inner
    response = get_response(request)
  File "/home/nsueqygf/virtualenv/pragathipower.com/3.13/lib/python3.13/site-packages/django/core/handlers/base.py", line 198, in _get_response
    response = wrapped_callback(request, *callback_args, **callback_kwargs)
  File "/home/nsueqygf/virtualenv/pragathipower.com/3.13/lib/python3.13/site-packages/django/views/decorators/csrf.py", line 65, in _view_wrapper
    return view_func(request, *args, **kwargs)
  File "/home/nsueqygf/pragathipower.com/power/views.py", line 1059, in detailed_client_enquiry
    print(f"\u2705 User updated: {email}, password reset to: {mobile}")
    ~~~~~^^^^^^^^^^^^^^^^^^^^^^^^^^^^^^^^^^^^^^^^^^^^^^^^^^^^^^^^^^
UnicodeEncodeError: 'ascii' codec can't encode character '\u2705' in position 0: ordinal not in range(128)
Not Found: /static/images/Favicon.ico
Not Found: /static/images/Favicon.ico
Not Found: /static/images/Favicon.ico
Not Found: /favicon.ico
/home/nsueqygf/virtualenv/pragathipower.com/3.13/lib/python3.13/site-packages/requests/__init__.py:113: RequestsDependencyWarning: urllib3 (2.6.3) or chardet (7.4.3)/charset_normalizer (3.4.4) doesn't match a supported version!
  warnings.warn(
/home/nsueqygf/virtualenv/pragathipower.com/3.13/lib/python3.13/site-packages/requests/__init__.py:113: RequestsDependencyWarning: urllib3 (2.6.3) or chardet (7.4.3)/charset_normalizer (3.4.4) doesn't match a supported version!
  warnings.warn(
/home/nsueqygf/virtualenv/pragathipower.com/3.13/lib/python3.13/site-packages/requests/__init__.py:113: RequestsDependencyWarning: urllib3 (2.6.3) or chardet (7.4.3)/charset_normalizer (3.4.4) doesn't match a supported version!
  warnings.warn(
/home/nsueqygf/virtualenv/pragathipower.com/3.13/lib/python3.13/site-packages/requests/__init__.py:113: RequestsDependencyWarning: urllib3 (2.6.3) or chardet (7.4.3)/charset_normalizer (3.4.4) doesn't match a supported version!
  warnings.warn(
/home/nsueqygf/virtualenv/pragathipower.com/3.13/lib/python3.13/site-packages/requests/__init__.py:113: RequestsDependencyWarning: urllib3 (2.6.3) or chardet (7.4.3)/charset_normalizer (3.4.4) doesn't match a supported version!
  warnings.warn(
/home/nsueqygf/virtualenv/pragathipower.com/3.13/lib/python3.13/site-packages/requests/__init__.py:113: RequestsDependencyWarning: urllib3 (2.6.3) or chardet (7.4.3)/charset_normalizer (3.4.4) doesn't match a supported version!
  warnings.warn(
Internal Server Error: /detailed-client-enquiry/64f41d7b-cec6-4b87-ae31-493e5b9c8f9d/
Traceback (most recent call last):
  File "/home/nsueqygf/virtualenv/pragathipower.com/3.13/lib/python3.13/site-packages/django/core/handlers/exception.py", line 55, in inner
    response = get_response(request)
  File "/home/nsueqygf/virtualenv/pragathipower.com/3.13/lib/python3.13/site-packages/django/core/handlers/base.py", line 198, in _get_response
    response = wrapped_callback(request, *callback_args, **callback_kwargs)
  File "/home/nsueqygf/virtualenv/pragathipower.com/3.13/lib/python3.13/site-packages/django/views/decorators/csrf.py", line 65, in _view_wrapper
    return view_func(request, *args, **kwargs)
  File "/home/nsueqygf/pragathipower.com/power/views.py", line 1059, in detailed_client_enquiry
    print(f"\u2705 User updated: {email}, password reset to: {mobile}")
    ~~~~~^^^^^^^^^^^^^^^^^^^^^^^^^^^^^^^^^^^^^^^^^^^^^^^^^^^^^^^^^^
UnicodeEncodeError: 'ascii' codec can't encode character '\u2705' in position 0: ordinal not in range(128)
Internal Server Error: /detailed-client-enquiry/64f41d7b-cec6-4b87-ae31-493e5b9c8f9d/
Traceback (most recent call last):
  File "/home/nsueqygf/virtualenv/pragathipower.com/3.13/lib/python3.13/site-packages/django/core/handlers/exception.py", line 55, in inner
    response = get_response(request)
  File "/home/nsueqygf/virtualenv/pragathipower.com/3.13/lib/python3.13/site-packages/django/core/handlers/base.py", line 198, in _get_response
    response = wrapped_callback(request, *callback_args, **callback_kwargs)
  File "/home/nsueqygf/virtualenv/pragathipower.com/3.13/lib/python3.13/site-packages/django/views/decorators/csrf.py", line 65, in _view_wrapper
    return view_func(request, *args, **kwargs)
  File "/home/nsueqygf/pragathipower.com/power/views.py", line 1059, in detailed_client_enquiry
    print(f"\u2705 User updated: {email}, password reset to: {mobile}")
    ~~~~~^^^^^^^^^^^^^^^^^^^^^^^^^^^^^^^^^^^^^^^^^^^^^^^^^^^^^^^^^^
UnicodeEncodeError: 'ascii' codec can't encode character '\u2705' in position 0: ordinal not in range(128)
Internal Server Error: /detailed-client-enquiry/64f41d7b-cec6-4b87-ae31-493e5b9c8f9d/
Traceback (most recent call last):
  File "/home/nsueqygf/virtualenv/pragathipower.com/3.13/lib/python3.13/site-packages/django/core/handlers/exception.py", line 55, in inner
    response = get_response(request)
  File "/home/nsueqygf/virtualenv/pragathipower.com/3.13/lib/python3.13/site-packages/django/core/handlers/base.py", line 198, in _get_response
    response = wrapped_callback(request, *callback_args, **callback_kwargs)
  File "/home/nsueqygf/virtualenv/pragathipower.com/3.13/lib/python3.13/site-packages/django/views/decorators/csrf.py", line 65, in _view_wrapper
    return view_func(request, *args, **kwargs)
  File "/home/nsueqygf/pragathipower.com/power/views.py", line 1059, in detailed_client_enquiry
    print(f"\u2705 User updated: {email}, password reset to: {mobile}")
    ~~~~~^^^^^^^^^^^^^^^^^^^^^^^^^^^^^^^^^^^^^^^^^^^^^^^^^^^^^^^^^^
UnicodeEncodeError: 'ascii' codec can't encode character '\u2705' in position 0: ordinal not in range(128)
Internal Server Error: /detailed-client-enquiry/64f41d7b-cec6-4b87-ae31-493e5b9c8f9d/
Traceback (most recent call last):
  File "/home/nsueqygf/virtualenv/pragathipower.com/3.13/lib/python3.13/site-packages/django/core/handlers/exception.py", line 55, in inner
    response = get_response(request)
  File "/home/nsueqygf/virtualenv/pragathipower.com/3.13/lib/python3.13/site-packages/django/core/handlers/base.py", line 198, in _get_response
    response = wrapped_callback(request, *callback_args, **callback_kwargs)
  File "/home/nsueqygf/virtualenv/pragathipower.com/3.13/lib/python3.13/site-packages/django/views/decorators/csrf.py", line 65, in _view_wrapper
    return view_func(request, *args, **kwargs)
  File "/home/nsueqygf/pragathipower.com/power/views.py", line 1059, in detailed_client_enquiry
    print(f"\u2705 User updated: {email}, password reset to: {mobile}")
    ~~~~~^^^^^^^^^^^^^^^^^^^^^^^^^^^^^^^^^^^^^^^^^^^^^^^^^^^^^^^^^^
UnicodeEncodeError: 'ascii' codec can't encode character '\u2705' in position 0: ordinal not in range(128)
Internal Server Error: /detailed-client-enquiry/64f41d7b-cec6-4b87-ae31-493e5b9c8f9d/
Traceback (most recent call last):
  File "/home/nsueqygf/virtualenv/pragathipower.com/3.13/lib/python3.13/site-packages/django/core/handlers/exception.py", line 55, in inner
    response = get_response(request)
  File "/home/nsueqygf/virtualenv/pragathipower.com/3.13/lib/python3.13/site-packages/django/core/handlers/base.py", line 198, in _get_response
    response = wrapped_callback(request, *callback_args, **callback_kwargs)
  File "/home/nsueqygf/virtualenv/pragathipower.com/3.13/lib/python3.13/site-packages/django/views/decorators/csrf.py", line 65, in _view_wrapper
    return view_func(request, *args, **kwargs)
  File "/home/nsueqygf/pragathipower.com/power/views.py", line 1059, in detailed_client_enquiry
    print(f"User updated: {email}, password reset to: {mobile}")
    ~~~~~^^^^^^^^^^^^^^^^^^^^^^^^^^^^^^^^^^^^^^^^^^^^^^^^^^^^^^^
UnicodeEncodeError: 'ascii' codec can't encode character '\u2705' in position 0: ordinal not in range(128)
/home/nsueqygf/virtualenv/pragathipower.com/3.13/lib/python3.13/site-packages/requests/__init__.py:113: RequestsDependencyWarning: urllib3 (2.6.3) or chardet (7.4.3)/charset_normalizer (3.4.4) doesn't match a supported version!
  warnings.warn(
Not Found: /static/images/Favicon.ico
/home/nsueqygf/virtualenv/pragathipower.com/3.13/lib/python3.13/site-packages/requests/__init__.py:113: RequestsDependencyWarning: urllib3 (2.6.3) or chardet (7.4.3)/charset_normalizer (3.4.4) doesn't match a supported version!
  warnings.warn(
Not Found: /favicon.ico
Internal Server Error: /superadmin/clients/64f41d7b-cec6-4b87-ae31-493e5b9c8f9d/assign-inspector/
Traceback (most recent call last):
  File "/home/nsueqygf/virtualenv/pragathipower.com/3.13/lib/python3.13/site-packages/django/core/handlers/exception.py", line 55, in inner
    response = get_response(request)
  File "/home/nsueqygf/virtualenv/pragathipower.com/3.13/lib/python3.13/site-packages/django/core/handlers/base.py", line 198, in _get_response
    response = wrapped_callback(request, *callback_args, **callback_kwargs)
  File "/home/nsueqygf/virtualenv/pragathipower.com/3.13/lib/python3.13/site-packages/django/contrib/auth/decorators.py", line 59, in _view_wrapper
    return view_func(request, *args, **kwargs)
  File "/home/nsueqygf/virtualenv/pragathipower.com/3.13/lib/python3.13/site-packages/django/contrib/auth/decorators.py", line 59, in _view_wrapper
    return view_func(request, *args, **kwargs)
  File "/home/nsueqygf/virtualenv/pragathipower.com/3.13/lib/python3.13/site-packages/django/views/decorators/http.py", line 64, in inner
    return func(request, *args, **kwargs)
  File "/home/nsueqygf/pragathipower.com/dashboard/views.py", line 1511, in client_assign_inspector
    send_inspector_assignment_email(enquiry, inspector, visit_schedule, request)
    ~~~~~~~~~~~~~~~~~~~~~~~~~~~~~~~^^^^^^^^^^^^^^^^^^^^^^^^^^^^^^^^^^^^^^^^^^^^^
  File "/home/nsueqygf/pragathipower.com/dashboard/views.py", line 1633, in send_inspector_assignment_email
    print(f"\U0001f50d Attempting to send email to: {inspector.email_address}")
    ~~~~~^^^^^^^^^^^^^^^^^^^^^^^^^^^^^^^^^^^^^^^^^^^^^^^^^^^^^^^^^^^^^^
UnicodeEncodeError: 'ascii' codec can't encode character '\U0001f50d' in position 0: ordinal not in range(128)
Not Found: /favicon.ico
Not Found: /favicon.ico
/home/nsueqygf/virtualenv/pragathipower.com/3.13/lib/python3.13/site-packages/requests/__init__.py:113: RequestsDependencyWarning: urllib3 (2.6.3) or chardet (7.4.3)/charset_normalizer (3.4.4) doesn't match a supported version!
  warnings.warn(
/home/nsueqygf/virtualenv/pragathipower.com/3.13/lib/python3.13/site-packages/requests/__init__.py:113: RequestsDependencyWarning: urllib3 (2.6.3) or chardet (7.4.3)/charset_normalizer (3.4.4) doesn't match a supported version!
  warnings.warn(
/home/nsueqygf/virtualenv/pragathipower.com/3.13/lib/python3.13/site-packages/requests/__init__.py:113: RequestsDependencyWarning: urllib3 (2.6.3) or chardet (7.4.3)/charset_normalizer (3.4.4) doesn't match a supported version!
  warnings.warn(
/home/nsueqygf/virtualenv/pragathipower.com/3.13/lib/python3.13/site-packages/requests/__init__.py:113: RequestsDependencyWarning: urllib3 (2.6.3) or chardet (7.4.3)/charset_normalizer (3.4.4) doesn't match a supported version!
  warnings.warn(
/home/nsueqygf/virtualenv/pragathipower.com/3.13/lib/python3.13/site-packages/requests/__init__.py:113: RequestsDependencyWarning: urllib3 (2.6.3) or chardet (7.4.3)/charset_normalizer (3.4.4) doesn't match a supported version!
  warnings.warn(
Not Found: /favicon.ico
Sanitised mobile for Razorpay: 9078277882
User updated: info@pragathipower.com, password reset to: 9078277882
/home/nsueqygf/virtualenv/pragathipower.com/3.13/lib/python3.13/site-packages/requests/__init__.py:113: RequestsDependencyWarning: urllib3 (2.6.3) or chardet (7.4.3)/charset_normalizer (3.4.4) doesn't match a supported version!
  warnings.warn(
/home/nsueqygf/virtualenv/pragathipower.com/3.13/lib/python3.13/site-packages/requests/__init__.py:113: RequestsDependencyWarning: urllib3 (2.6.3) or chardet (7.4.3)/charset_normalizer (3.4.4) doesn't match a supported version!
  warnings.warn(
Internal Server Error: /superadmin/clients/10a63226-012b-4c8c-8b7c-64a687b4c93c/assign-inspector/
Traceback (most recent call last):
  File "/home/nsueqygf/virtualenv/pragathipower.com/3.13/lib/python3.13/site-packages/django/core/handlers/exception.py", line 55, in inner
    response = get_response(request)
  File "/home/nsueqygf/virtualenv/pragathipower.com/3.13/lib/python3.13/site-packages/django/core/handlers/base.py", line 198, in _get_response
    response = wrapped_callback(request, *callback_args, **callback_kwargs)
  File "/home/nsueqygf/virtualenv/pragathipower.com/3.13/lib/python3.13/site-packages/django/contrib/auth/decorators.py", line 59, in _view_wrapper
    return view_func(request, *args, **kwargs)
  File "/home/nsueqygf/virtualenv/pragathipower.com/3.13/lib/python3.13/site-packages/django/contrib/auth/decorators.py", line 59, in _view_wrapper
    return view_func(request, *args, **kwargs)
  File "/home/nsueqygf/virtualenv/pragathipower.com/3.13/lib/python3.13/site-packages/django/views/decorators/http.py", line 64, in inner
    return func(request, *args, **kwargs)
  File "/home/nsueqygf/pragathipower.com/dashboard/views.py", line 1511, in client_assign_inspector
    send_inspector_assignment_email(enquiry, inspector, visit_schedule, request)
    ~~~~~~~~~~~~~~~~~~~~~~~~~~~~~~~^^^^^^^^^^^^^^^^^^^^^^^^^^^^^^^^^^^^^^^^^^^^^
  File "/home/nsueqygf/pragathipower.com/dashboard/views.py", line 1634, in send_inspector_assignment_email
    print(f"Subject: {subject}")
    ~~~~~^^^^^^^^^^^^^^^^^^^^^^^
UnicodeEncodeError: 'ascii' codec can't encode character '\u2013' in position 35: ordinal not in range(128)
Not Found: /favicon.ico
Not Found: /favicon.ico
Not Found: /favicon.ico
/home/nsueqygf/virtualenv/pragathipower.com/3.13/lib/python3.13/site-packages/requests/__init__.py:113: RequestsDependencyWarning: urllib3 (2.6.3) or chardet (7.4.3)/charset_normalizer (3.4.4) doesn't match a supported version!
  warnings.warn(
Not Found: /superadmin/clients/10a63226-012b-4c8c-8b7c-64a687b4c93c/
Not Found: /favicon.ico
Sanitised mobile for Razorpay: 9078277882
Attempting to send email to: manager@pragathipower.com
User updated: info@pragathipower.com, password reset to: 9078277882
User updated: info@pragathipower.com, password reset to: 9078277882
Sanitised mobile for Razorpay: 9078277882
/home/nsueqygf/virtualenv/pragathipower.com/3.13/lib/python3.13/site-packages/requests/__init__.py:113: RequestsDependencyWarning: urllib3 (2.6.3) or chardet (7.4.3)/charset_normalizer (3.4.4) doesn't match a supported version!
  warnings.warn(
/home/nsueqygf/virtualenv/pragathipower.com/3.13/lib/python3.13/site-packages/requests/__init__.py:113: RequestsDependencyWarning: urllib3 (2.6.3) or chardet (7.4.3)/charset_normalizer (3.4.4) doesn't match a supported version!
  warnings.warn(
/home/nsueqygf/virtualenv/pragathipower.com/3.13/lib/python3.13/site-packages/requests/__init__.py:113: RequestsDependencyWarning: urllib3 (2.6.3) or chardet (7.4.3)/charset_normalizer (3.4.4) doesn't match a supported version!
  warnings.warn(
Not Found: /favicon.ico
Not Found: /favicon.ico
Not Found: /vendor/
Not Found: /favicon.ico
Not Found: /favicon.ico
Not Found: /robots.txt
Attempting to send email to: manager@pragathipower.com
Subject:New Site Visit Assignment - ENQ-000004 | Pragathi Power
Schedule URL:https://www.pragathipower.com/superadmin/schedule-visit/10/
Email sent successfully to manager@pragathipower.com
Forbidden (CSRF token from POST incorrect.): /superadmin/quotation/d979479c-e141-4f27-847f-02fc912e7219/
Not Found: /favicon.ico
Not Found: /vendor/quotations/
Forbidden (CSRF token from POST incorrect.): /superadmin/quotation/d979479c-e141-4f27-847f-02fc912e7219/
Not Found: /favicon.ico
Not Found: /vendor/quotations/
/home/nsueqygf/virtualenv/pragathipower.com/3.13/lib/python3.13/site-packages/requests/__init__.py:113: RequestsDependencyWarning: urllib3 (2.6.3) or chardet (7.4.3)/charset_normalizer (3.4.4) doesn't match a supported version!
  warnings.warn(
Not Found: /vendor/work-reports/
Forbidden (CSRF token from POST incorrect.): /vendor/login/
/home/nsueqygf/virtualenv/pragathipower.com/3.13/lib/python3.13/site-packages/requests/__init__.py:113: RequestsDependencyWarning: urllib3 (2.6.3) or chardet (7.4.3)/charset_normalizer (3.4.4) doesn't match a supported version!
  warnings.warn(
Not Found: /index.php
PO email sent to harshitamishra755@gmail.com with PDF
/home/nsueqygf/virtualenv/pragathipower.com/3.13/lib/python3.13/site-packages/requests/__init__.py:113: RequestsDependencyWarning: urllib3 (2.6.3) or chardet (7.4.3)/charset_normalizer (3.4.4) doesn't match a supported version!
  warnings.warn(
Not Found: /pricing.html
Not Found: /.well-known/traffic-advice
/home/nsueqygf/virtualenv/pragathipower.com/3.13/lib/python3.13/site-packages/requests/__init__.py:113: RequestsDependencyWarning: urllib3 (2.6.3) or chardet (7.4.3)/charset_normalizer (3.4.4) doesn't match a supported version!
  warnings.warn(
/home/nsueqygf/virtualenv/pragathipower.com/3.13/lib/python3.13/site-packages/requests/__init__.py:113: RequestsDependencyWarning: urllib3 (2.6.3) or chardet (7.4.3)/charset_normalizer (3.4.4) doesn't match a supported version!
  warnings.warn(
/home/nsueqygf/virtualenv/pragathipower.com/3.13/lib/python3.13/site-packages/requests/__init__.py:113: RequestsDependencyWarning: urllib3 (2.6.3) or chardet (7.4.3)/charset_normalizer (3.4.4) doesn't match a supported version!
  warnings.warn(
/home/nsueqygf/virtualenv/pragathipower.com/3.13/lib/python3.13/site-packages/requests/__init__.py:113: RequestsDependencyWarning: urllib3 (2.6.3) or chardet (7.4.3)/charset_normalizer (3.4.4) doesn't match a supported version!
  warnings.warn(
/home/nsueqygf/virtualenv/pragathipower.com/3.13/lib/python3.13/site-packages/requests/__init__.py:113: RequestsDependencyWarning: urllib3 (2.6.3) or chardet (7.4.3)/charset_normalizer (3.4.4) doesn't match a supported version!
  warnings.warn(
/home/nsueqygf/virtualenv/pragathipower.com/3.13/lib/python3.13/site-packages/requests/__init__.py:113: RequestsDependencyWarning: urllib3 (2.6.3) or chardet (7.4.3)/charset_normalizer (3.4.4) doesn't match a supported version!
  warnings.warn(
/home/nsueqygf/virtualenv/pragathipower.com/3.13/lib/python3.13/site-packages/requests/__init__.py:113: RequestsDependencyWarning: urllib3 (2.6.3) or chardet (7.4.3)/charset_normalizer (3.4.4) doesn't match a supported version!
  warnings.warn(
/home/nsueqygf/virtualenv/pragathipower.com/3.13/lib/python3.13/site-packages/requests/__init__.py:113: RequestsDependencyWarning: urllib3 (2.6.3) or chardet (7.4.3)/charset_normalizer (3.4.4) doesn't match a supported version!
  warnings.warn(
/home/nsueqygf/virtualenv/pragathipower.com/3.13/lib/python3.13/site-packages/requests/__init__.py:113: RequestsDependencyWarning: urllib3 (2.6.3) or chardet (7.4.3)/charset_normalizer (3.4.4) doesn't match a supported version!
  warnings.warn(
/home/nsueqygf/virtualenv/pragathipower.com/3.13/lib/python3.13/site-packages/requests/__init__.py:113: RequestsDependencyWarning: urllib3 (2.6.3) or chardet (7.4.3)/charset_normalizer (3.4.4) doesn't match a supported version!
  warnings.warn(
/home/nsueqygf/virtualenv/pragathipower.com/3.13/lib/python3.13/site-packages/requests/__init__.py:113: RequestsDependencyWarning: urllib3 (2.6.3) or chardet (7.4.3)/charset_normalizer (3.4.4) doesn't match a supported version!
  warnings.warn(
/home/nsueqygf/virtualenv/pragathipower.com/3.13/lib/python3.13/site-packages/requests/__init__.py:113: RequestsDependencyWarning: urllib3 (2.6.3) or chardet (7.4.3)/charset_normalizer (3.4.4) doesn't match a supported version!
  warnings.warn(
/home/nsueqygf/virtualenv/pragathipower.com/3.13/lib/python3.13/site-packages/requests/__init__.py:113: RequestsDependencyWarning: urllib3 (2.6.3) or chardet (7.4.3)/charset_normalizer (3.4.4) doesn't match a supported version!
  warnings.warn(
/home/nsueqygf/virtualenv/pragathipower.com/3.13/lib/python3.13/site-packages/requests/__init__.py:113: RequestsDependencyWarning: urllib3 (2.6.3) or chardet (7.4.3)/charset_normalizer (3.4.4) doesn't match a supported version!
  warnings.warn(
/home/nsueqygf/virtualenv/pragathipower.com/3.13/lib/python3.13/site-packages/requests/__init__.py:113: RequestsDependencyWarning: urllib3 (2.6.3) or chardet (7.4.3)/charset_normalizer (3.4.4) doesn't match a supported version!
  warnings.warn(
/home/nsueqygf/virtualenv/pragathipower.com/3.13/lib/python3.13/site-packages/requests/__init__.py:113: RequestsDependencyWarning: urllib3 (2.6.3) or chardet (7.4.3)/charset_normalizer (3.4.4) doesn't match a supported version!
  warnings.warn(
/home/nsueqygf/virtualenv/pragathipower.com/3.13/lib/python3.13/site-packages/requests/__init__.py:113: RequestsDependencyWarning: urllib3 (2.6.3) or chardet (7.4.3)/charset_normalizer (3.4.4) doesn't match a supported version!
  warnings.warn(
/home/nsueqygf/virtualenv/pragathipower.com/3.13/lib/python3.13/site-packages/requests/__init__.py:113: RequestsDependencyWarning: urllib3 (2.6.3) or chardet (7.4.3)/charset_normalizer (3.4.4) doesn't match a supported version!
  warnings.warn(
/home/nsueqygf/virtualenv/pragathipower.com/3.13/lib/python3.13/site-packages/requests/__init__.py:113: RequestsDependencyWarning: urllib3 (2.6.3) or chardet (7.4.3)/charset_normalizer (3.4.4) doesn't match a supported version!
  warnings.warn(
/home/nsueqygf/virtualenv/pragathipower.com/3.13/lib/python3.13/site-packages/requests/__init__.py:113: RequestsDependencyWarning: urllib3 (2.6.3) or chardet (7.4.3)/charset_normalizer (3.4.4) doesn't match a supported version!
  warnings.warn(
/home/nsueqygf/virtualenv/pragathipower.com/3.13/lib/python3.13/site-packages/requests/__init__.py:113: RequestsDependencyWarning: urllib3 (2.6.3) or chardet (7.4.3)/charset_normalizer (3.4.4) doesn't match a supported version!
  warnings.warn(
/home/nsueqygf/virtualenv/pragathipower.com/3.13/lib/python3.13/site-packages/requests/__init__.py:113: RequestsDependencyWarning: urllib3 (2.6.3) or chardet (7.4.3)/charset_normalizer (3.4.4) doesn't match a supported version!
  warnings.warn(
/home/nsueqygf/virtualenv/pragathipower.com/3.13/lib/python3.13/site-packages/requests/__init__.py:113: RequestsDependencyWarning: urllib3 (2.6.3) or chardet (7.4.3)/charset_normalizer (3.4.4) doesn't match a supported version!
  warnings.warn(
/home/nsueqygf/virtualenv/pragathipower.com/3.13/lib/python3.13/site-packages/requests/__init__.py:113: RequestsDependencyWarning: urllib3 (2.6.3) or chardet (7.4.3)/charset_normalizer (3.4.4) doesn't match a supported version!
  warnings.warn(
/home/nsueqygf/virtualenv/pragathipower.com/3.13/lib/python3.13/site-packages/requests/__init__.py:113: RequestsDependencyWarning: urllib3 (2.6.3) or chardet (7.4.3)/charset_normalizer (3.4.4) doesn't match a supported version!
  warnings.warn(
/home/nsueqygf/virtualenv/pragathipower.com/3.13/lib/python3.13/site-packages/requests/__init__.py:113: RequestsDependencyWarning: urllib3 (2.6.3) or chardet (7.4.3)/charset_normalizer (3.4.4) doesn't match a supported version!
  warnings.warn(
/home/nsueqygf/virtualenv/pragathipower.com/3.13/lib/python3.13/site-packages/requests/__init__.py:113: RequestsDependencyWarning: urllib3 (2.6.3) or chardet (7.4.3)/charset_normalizer (3.4.4) doesn't match a supported version!
  warnings.warn(
/home/nsueqygf/virtualenv/pragathipower.com/3.13/lib/python3.13/site-packages/requests/__init__.py:113: RequestsDependencyWarning: urllib3 (2.6.3) or chardet (7.4.3)/charset_normalizer (3.4.4) doesn't match a supported version!
  warnings.warn(
Not Found: /robots.txt
/home/nsueqygf/virtualenv/pragathipower.com/3.13/lib/python3.13/site-packages/requests/__init__.py:113: RequestsDependencyWarning: urllib3 (2.6.3) or chardet (7.4.3)/charset_normalizer (3.4.4) doesn't match a supported version!
  warnings.warn(
/home/nsueqygf/virtualenv/pragathipower.com/3.13/lib/python3.13/site-packages/requests/__init__.py:113: RequestsDependencyWarning: urllib3 (2.6.3) or chardet (7.4.3)/charset_normalizer (3.4.4) doesn't match a supported version!
  warnings.warn(
Internal Server Error: /superadmin/vendor-statement/
Traceback (most recent call last):
  File "/home/nsueqygf/virtualenv/pragathipower.com/3.13/lib/python3.13/site-packages/django/core/handlers/exception.py", line 55, in inner
    response = get_response(request)
  File "/home/nsueqygf/virtualenv/pragathipower.com/3.13/lib/python3.13/site-packages/django/core/handlers/base.py", line 198, in _get_response
    response = wrapped_callback(request, *callback_args, **callback_kwargs)
  File "/home/nsueqygf/virtualenv/pragathipower.com/3.13/lib/python3.13/site-packages/django/contrib/auth/decorators.py", line 59, in _view_wrapper
    return view_func(request, *args, **kwargs)
  File "/home/nsueqygf/virtualenv/pragathipower.com/3.13/lib/python3.13/site-packages/django/contrib/auth/decorators.py", line 59, in _view_wrapper
    return view_func(request, *args, **kwargs)
  File "/home/nsueqygf/pragathipower.com/dashboard/views.py", line 4502, in vendor_statement
    return render(request, 'superadmin/vendor_statement.html', {
        'active_nav': 'account_statement',
    ...<7 lines>...
        'selected_vendor': vendor_id,
    })
  File "/home/nsueqygf/virtualenv/pragathipower.com/3.13/lib/python3.13/site-packages/django/shortcuts.py", line 25, in render
    content = loader.render_to_string(template_name, context, request, using=using)
  File "/home/nsueqygf/virtualenv/pragathipower.com/3.13/lib/python3.13/site-packages/django/template/loader.py", line 62, in render_to_string
    return template.render(context, request)
           ~~~~~~~~~~~~~~~^^^^^^^^^^^^^^^^^^
  File "/home/nsueqygf/virtualenv/pragathipower.com/3.13/lib/python3.13/site-packages/django/template/backends/django.py", line 107, in render
    return self.template.render(context)
           ~~~~~~~~~~~~~~~~~~~~^^^^^^^^^
  File "/home/nsueqygf/virtualenv/pragathipower.com/3.13/lib/python3.13/site-packages/django/template/base.py", line 174, in render
    return self._render(context)
           ~~~~~~~~~~~~^^^^^^^^^
  File "/home/nsueqygf/virtualenv/pragathipower.com/3.13/lib/python3.13/site-packages/django/template/base.py", line 166, in _render
    return self.nodelist.render(context)
           ~~~~~~~~~~~~~~~~~~~~^^^^^^^^^
  File "/home/nsueqygf/virtualenv/pragathipower.com/3.13/lib/python3.13/site-packages/django/template/base.py", line 1091, in render
    return SafeString("".join([node.render_annotated(context) for node in self]))
                               ~~~~~~~~~~~~~~~~~~~~~^^^^^^^^^
  File "/home/nsueqygf/virtualenv/pragathipower.com/3.13/lib/python3.13/site-packages/django/template/base.py", line 1052, in render_annotated
    return self.render(context)
           ~~~~~~~~~~~^^^^^^^^^
  File "/home/nsueqygf/virtualenv/pragathipower.com/3.13/lib/python3.13/site-packages/django/template/loader_tags.py", line 160, in render
    return compiled_parent._render(context)
           ~~~~~~~~~~~~~~~~~~~~~~~^^^^^^^^^
  File "/home/nsueqygf/virtualenv/pragathipower.com/3.13/lib/python3.13/site-packages/django/template/base.py", line 166, in _render
    return self.nodelist.render(context)
           ~~~~~~~~~~~~~~~~~~~~^^^^^^^^^
  File "/home/nsueqygf/virtualenv/pragathipower.com/3.13/lib/python3.13/site-packages/django/template/base.py", line 1091, in render
    return SafeString("".join([node.render_annotated(context) for node in self]))
                               ~~~~~~~~~~~~~~~~~~~~~^^^^^^^^^
  File "/home/nsueqygf/virtualenv/pragathipower.com/3.13/lib/python3.13/site-packages/django/template/base.py", line 1052, in render_annotated
    return self.render(context)
           ~~~~~~~~~~~^^^^^^^^^
  File "/home/nsueqygf/virtualenv/pragathipower.com/3.13/lib/python3.13/site-packages/django/template/loader_tags.py", line 66, in render
    result = block.nodelist.render(context)
  File "/home/nsueqygf/virtualenv/pragathipower.com/3.13/lib/python3.13/site-packages/django/template/base.py", line 1091, in render
    return SafeString("".join([node.render_annotated(context) for node in self]))
                               ~~~~~~~~~~~~~~~~~~~~~^^^^^^^^^
  File "/home/nsueqygf/virtualenv/pragathipower.com/3.13/lib/python3.13/site-packages/django/template/base.py", line 1052, in render_annotated
    return self.render(context)
           ~~~~~~~~~~~^^^^^^^^^
  File "/home/nsueqygf/virtualenv/pragathipower.com/3.13/lib/python3.13/site-packages/django/template/defaulttags.py", line 333, in render
    return nodelist.render(context)
           ~~~~~~~~~~~~~~~^^^^^^^^^
  File "/home/nsueqygf/virtualenv/pragathipower.com/3.13/lib/python3.13/site-packages/django/template/base.py", line 1091, in render
    return SafeString("".join([node.render_annotated(context) for node in self]))
                               ~~~~~~~~~~~~~~~~~~~~~^^^^^^^^^
  File "/home/nsueqygf/virtualenv/pragathipower.com/3.13/lib/python3.13/site-packages/django/template/base.py", line 1052, in render_annotated
    return self.render(context)
           ~~~~~~~~~~~^^^^^^^^^
  File "/home/nsueqygf/virtualenv/pragathipower.com/3.13/lib/python3.13/site-packages/django/template/defaulttags.py", line 249, in render
    nodelist.append(node.render_annotated(context))
                    ~~~~~~~~~~~~~~~~~~~~~^^^^^^^^^
  File "/home/nsueqygf/virtualenv/pragathipower.com/3.13/lib/python3.13/site-packages/django/template/base.py", line 1052, in render_annotated
    return self.render(context)
           ~~~~~~~~~~~^^^^^^^^^
  File "/home/nsueqygf/virtualenv/pragathipower.com/3.13/lib/python3.13/site-packages/django/template/defaulttags.py", line 333, in render
    return nodelist.render(context)
           ~~~~~~~~~~~~~~~^^^^^^^^^
  File "/home/nsueqygf/virtualenv/pragathipower.com/3.13/lib/python3.13/site-packages/django/template/base.py", line 1091, in render
    return SafeString("".join([node.render_annotated(context) for node in self]))
                               ~~~~~~~~~~~~~~~~~~~~~^^^^^^^^^
  File "/home/nsueqygf/virtualenv/pragathipower.com/3.13/lib/python3.13/site-packages/django/template/base.py", line 1052, in render_annotated
    return self.render(context)
           ~~~~~~~~~~~^^^^^^^^^
  File "/home/nsueqygf/virtualenv/pragathipower.com/3.13/lib/python3.13/site-packages/django/template/defaulttags.py", line 511, in render
    url = reverse(view_name, args=args, kwargs=kwargs, current_app=current_app)
  File "/home/nsueqygf/virtualenv/pragathipower.com/3.13/lib/python3.13/site-packages/django/urls/base.py", line 98, in reverse
    resolved_url = resolver._reverse_with_prefix(view, prefix, *args, **kwargs)
  File "/home/nsueqygf/virtualenv/pragathipower.com/3.13/lib/python3.13/site-packages/django/urls/resolvers.py", line 842, in _reverse_with_prefix
    raise NoReverseMatch(msg)
django.urls.exceptions.NoReverseMatch: Reverse for 'mark_invoice_paid' with arguments '(20,)' not found. 1 pattern(s) tried: ['superadmin/mark\\-invoice\\-paid/(?P<invoice_id>[0-9a-f]{8}-[0-9a-f]{4}-[0-9a-f]{4}-[0-9a-f]{4}-[0-9a-f]{12})/\\Z']
Not Found: /favicon.ico
/home/nsueqygf/virtualenv/pragathipower.com/3.13/lib/python3.13/site-packages/requests/__init__.py:113: RequestsDependencyWarning: urllib3 (2.6.3) or chardet (7.4.3)/charset_normalizer (3.4.4) doesn't match a supported version!
  warnings.warn(
Internal Server Error: /superadmin/vendor-statement/
Traceback (most recent call last):
  File "/home/nsueqygf/virtualenv/pragathipower.com/3.13/lib/python3.13/site-packages/django/core/handlers/exception.py", line 55, in inner
    response = get_response(request)
  File "/home/nsueqygf/virtualenv/pragathipower.com/3.13/lib/python3.13/site-packages/django/core/handlers/base.py", line 198, in _get_response
    response = wrapped_callback(request, *callback_args, **callback_kwargs)
  File "/home/nsueqygf/virtualenv/pragathipower.com/3.13/lib/python3.13/site-packages/django/contrib/auth/decorators.py", line 59, in _view_wrapper
    return view_func(request, *args, **kwargs)
  File "/home/nsueqygf/virtualenv/pragathipower.com/3.13/lib/python3.13/site-packages/django/contrib/auth/decorators.py", line 59, in _view_wrapper
    return view_func(request, *args, **kwargs)
  File "/home/nsueqygf/pragathipower.com/dashboard/views.py", line 4502, in vendor_statement
    return render(request, 'superadmin/vendor_statement.html', {
        'active_nav': 'account_statement',
    ...<7 lines>...
        'selected_vendor': vendor_id,
    })
  File "/home/nsueqygf/virtualenv/pragathipower.com/3.13/lib/python3.13/site-packages/django/shortcuts.py", line 25, in render
    content = loader.render_to_string(template_name, context, request, using=using)
  File "/home/nsueqygf/virtualenv/pragathipower.com/3.13/lib/python3.13/site-packages/django/template/loader.py", line 62, in render_to_string
    return template.render(context, request)
           ~~~~~~~~~~~~~~~^^^^^^^^^^^^^^^^^^
  File "/home/nsueqygf/virtualenv/pragathipower.com/3.13/lib/python3.13/site-packages/django/template/backends/django.py", line 107, in render
    return self.template.render(context)
           ~~~~~~~~~~~~~~~~~~~~^^^^^^^^^
  File "/home/nsueqygf/virtualenv/pragathipower.com/3.13/lib/python3.13/site-packages/django/template/base.py", line 174, in render
    return self._render(context)
           ~~~~~~~~~~~~^^^^^^^^^
  File "/home/nsueqygf/virtualenv/pragathipower.com/3.13/lib/python3.13/site-packages/django/template/base.py", line 166, in _render
    return self.nodelist.render(context)
           ~~~~~~~~~~~~~~~~~~~~^^^^^^^^^
  File "/home/nsueqygf/virtualenv/pragathipower.com/3.13/lib/python3.13/site-packages/django/template/base.py", line 1091, in render
    return SafeString("".join([node.render_annotated(context) for node in self]))
                               ~~~~~~~~~~~~~~~~~~~~~^^^^^^^^^
  File "/home/nsueqygf/virtualenv/pragathipower.com/3.13/lib/python3.13/site-packages/django/template/base.py", line 1052, in render_annotated
    return self.render(context)
           ~~~~~~~~~~~^^^^^^^^^
  File "/home/nsueqygf/virtualenv/pragathipower.com/3.13/lib/python3.13/site-packages/django/template/loader_tags.py", line 160, in render
    return compiled_parent._render(context)
           ~~~~~~~~~~~~~~~~~~~~~~~^^^^^^^^^
  File "/home/nsueqygf/virtualenv/pragathipower.com/3.13/lib/python3.13/site-packages/django/template/base.py", line 166, in _render
    return self.nodelist.render(context)
           ~~~~~~~~~~~~~~~~~~~~^^^^^^^^^
  File "/home/nsueqygf/virtualenv/pragathipower.com/3.13/lib/python3.13/site-packages/django/template/base.py", line 1091, in render
    return SafeString("".join([node.render_annotated(context) for node in self]))
                               ~~~~~~~~~~~~~~~~~~~~~^^^^^^^^^
  File "/home/nsueqygf/virtualenv/pragathipower.com/3.13/lib/python3.13/site-packages/django/template/base.py", line 1052, in render_annotated
    return self.render(context)
           ~~~~~~~~~~~^^^^^^^^^
  File "/home/nsueqygf/virtualenv/pragathipower.com/3.13/lib/python3.13/site-packages/django/template/loader_tags.py", line 66, in render
    result = block.nodelist.render(context)
  File "/home/nsueqygf/virtualenv/pragathipower.com/3.13/lib/python3.13/site-packages/django/template/base.py", line 1091, in render
    return SafeString("".join([node.render_annotated(context) for node in self]))
                               ~~~~~~~~~~~~~~~~~~~~~^^^^^^^^^
  File "/home/nsueqygf/virtualenv/pragathipower.com/3.13/lib/python3.13/site-packages/django/template/base.py", line 1052, in render_annotated
    return self.render(context)
           ~~~~~~~~~~~^^^^^^^^^
  File "/home/nsueqygf/virtualenv/pragathipower.com/3.13/lib/python3.13/site-packages/django/template/defaulttags.py", line 333, in render
    return nodelist.render(context)
           ~~~~~~~~~~~~~~~^^^^^^^^^
  File "/home/nsueqygf/virtualenv/pragathipower.com/3.13/lib/python3.13/site-packages/django/template/base.py", line 1091, in render
    return SafeString("".join([node.render_annotated(context) for node in self]))
                               ~~~~~~~~~~~~~~~~~~~~~^^^^^^^^^
  File "/home/nsueqygf/virtualenv/pragathipower.com/3.13/lib/python3.13/site-packages/django/template/base.py", line 1052, in render_annotated
    return self.render(context)
           ~~~~~~~~~~~^^^^^^^^^
  File "/home/nsueqygf/virtualenv/pragathipower.com/3.13/lib/python3.13/site-packages/django/template/defaulttags.py", line 249, in render
    nodelist.append(node.render_annotated(context))
                    ~~~~~~~~~~~~~~~~~~~~~^^^^^^^^^
  File "/home/nsueqygf/virtualenv/pragathipower.com/3.13/lib/python3.13/site-packages/django/template/base.py", line 1052, in render_annotated
    return self.render(context)
           ~~~~~~~~~~~^^^^^^^^^
  File "/home/nsueqygf/virtualenv/pragathipower.com/3.13/lib/python3.13/site-packages/django/template/defaulttags.py", line 333, in render
    return nodelist.render(context)
           ~~~~~~~~~~~~~~~^^^^^^^^^
  File "/home/nsueqygf/virtualenv/pragathipower.com/3.13/lib/python3.13/site-packages/django/template/base.py", line 1091, in render
    return SafeString("".join([node.render_annotated(context) for node in self]))
                               ~~~~~~~~~~~~~~~~~~~~~^^^^^^^^^
  File "/home/nsueqygf/virtualenv/pragathipower.com/3.13/lib/python3.13/site-packages/django/template/base.py", line 1052, in render_annotated
    return self.render(context)
           ~~~~~~~~~~~^^^^^^^^^
  File "/home/nsueqygf/virtualenv/pragathipower.com/3.13/lib/python3.13/site-packages/django/template/defaulttags.py", line 511, in render
    url = reverse(view_name, args=args, kwargs=kwargs, current_app=current_app)
  File "/home/nsueqygf/virtualenv/pragathipower.com/3.13/lib/python3.13/site-packages/django/urls/base.py", line 98, in reverse
    resolved_url = resolver._reverse_with_prefix(view, prefix, *args, **kwargs)
  File "/home/nsueqygf/virtualenv/pragathipower.com/3.13/lib/python3.13/site-packages/django/urls/resolvers.py", line 842, in _reverse_with_prefix
    raise NoReverseMatch(msg)
django.urls.exceptions.NoReverseMatch: Reverse for 'mark_invoice_paid' with arguments '(20,)' not found. 1 pattern(s) tried: ['superadmin/mark\\-invoice\\-paid/(?P<invoice_id>[0-9a-f]{8}-[0-9a-f]{4}-[0-9a-f]{4}-[0-9a-f]{4}-[0-9a-f]{12})/\\Z']
Not Found: /favicon.ico
Internal Server Error: /superadmin/vendor-statement/
Traceback (most recent call last):
  File "/home/nsueqygf/virtualenv/pragathipower.com/3.13/lib/python3.13/site-packages/django/core/handlers/exception.py", line 55, in inner
    response = get_response(request)
  File "/home/nsueqygf/virtualenv/pragathipower.com/3.13/lib/python3.13/site-packages/django/core/handlers/base.py", line 198, in _get_response
    response = wrapped_callback(request, *callback_args, **callback_kwargs)
  File "/home/nsueqygf/virtualenv/pragathipower.com/3.13/lib/python3.13/site-packages/django/contrib/auth/decorators.py", line 59, in _view_wrapper
    return view_func(request, *args, **kwargs)
  File "/home/nsueqygf/virtualenv/pragathipower.com/3.13/lib/python3.13/site-packages/django/contrib/auth/decorators.py", line 59, in _view_wrapper
    return view_func(request, *args, **kwargs)
  File "/home/nsueqygf/pragathipower.com/dashboard/views.py", line 4502, in vendor_statement
    return render(request, 'superadmin/vendor_statement.html', {
        'active_nav': 'account_statement',
    ...<7 lines>...
        'selected_vendor': vendor_id,
    })
  File "/home/nsueqygf/virtualenv/pragathipower.com/3.13/lib/python3.13/site-packages/django/shortcuts.py", line 25, in render
    content = loader.render_to_string(template_name, context, request, using=using)
  File "/home/nsueqygf/virtualenv/pragathipower.com/3.13/lib/python3.13/site-packages/django/template/loader.py", line 62, in render_to_string
    return template.render(context, request)
           ~~~~~~~~~~~~~~~^^^^^^^^^^^^^^^^^^
  File "/home/nsueqygf/virtualenv/pragathipower.com/3.13/lib/python3.13/site-packages/django/template/backends/django.py", line 107, in render
    return self.template.render(context)
           ~~~~~~~~~~~~~~~~~~~~^^^^^^^^^
  File "/home/nsueqygf/virtualenv/pragathipower.com/3.13/lib/python3.13/site-packages/django/template/base.py", line 174, in render
    return self._render(context)
           ~~~~~~~~~~~~^^^^^^^^^
  File "/home/nsueqygf/virtualenv/pragathipower.com/3.13/lib/python3.13/site-packages/django/template/base.py", line 166, in _render
    return self.nodelist.render(context)
           ~~~~~~~~~~~~~~~~~~~~^^^^^^^^^
  File "/home/nsueqygf/virtualenv/pragathipower.com/3.13/lib/python3.13/site-packages/django/template/base.py", line 1091, in render
    return SafeString("".join([node.render_annotated(context) for node in self]))
                               ~~~~~~~~~~~~~~~~~~~~~^^^^^^^^^
  File "/home/nsueqygf/virtualenv/pragathipower.com/3.13/lib/python3.13/site-packages/django/template/base.py", line 1052, in render_annotated
    return self.render(context)
           ~~~~~~~~~~~^^^^^^^^^
  File "/home/nsueqygf/virtualenv/pragathipower.com/3.13/lib/python3.13/site-packages/django/template/loader_tags.py", line 160, in render
    return compiled_parent._render(context)
           ~~~~~~~~~~~~~~~~~~~~~~~^^^^^^^^^
  File "/home/nsueqygf/virtualenv/pragathipower.com/3.13/lib/python3.13/site-packages/django/template/base.py", line 166, in _render
    return self.nodelist.render(context)
           ~~~~~~~~~~~~~~~~~~~~^^^^^^^^^
  File "/home/nsueqygf/virtualenv/pragathipower.com/3.13/lib/python3.13/site-packages/django/template/base.py", line 1091, in render
    return SafeString("".join([node.render_annotated(context) for node in self]))
                               ~~~~~~~~~~~~~~~~~~~~~^^^^^^^^^
  File "/home/nsueqygf/virtualenv/pragathipower.com/3.13/lib/python3.13/site-packages/django/template/base.py", line 1052, in render_annotated
    return self.render(context)
           ~~~~~~~~~~~^^^^^^^^^
  File "/home/nsueqygf/virtualenv/pragathipower.com/3.13/lib/python3.13/site-packages/django/template/loader_tags.py", line 66, in render
    result = block.nodelist.render(context)
  File "/home/nsueqygf/virtualenv/pragathipower.com/3.13/lib/python3.13/site-packages/django/template/base.py", line 1091, in render
    return SafeString("".join([node.render_annotated(context) for node in self]))
                               ~~~~~~~~~~~~~~~~~~~~~^^^^^^^^^
  File "/home/nsueqygf/virtualenv/pragathipower.com/3.13/lib/python3.13/site-packages/django/template/base.py", line 1052, in render_annotated
    return self.render(context)
           ~~~~~~~~~~~^^^^^^^^^
  File "/home/nsueqygf/virtualenv/pragathipower.com/3.13/lib/python3.13/site-packages/django/template/defaulttags.py", line 333, in render
    return nodelist.render(context)
           ~~~~~~~~~~~~~~~^^^^^^^^^
  File "/home/nsueqygf/virtualenv/pragathipower.com/3.13/lib/python3.13/site-packages/django/template/base.py", line 1091, in render
    return SafeString("".join([node.render_annotated(context) for node in self]))
                               ~~~~~~~~~~~~~~~~~~~~~^^^^^^^^^
  File "/home/nsueqygf/virtualenv/pragathipower.com/3.13/lib/python3.13/site-packages/django/template/base.py", line 1052, in render_annotated
    return self.render(context)
           ~~~~~~~~~~~^^^^^^^^^
  File "/home/nsueqygf/virtualenv/pragathipower.com/3.13/lib/python3.13/site-packages/django/template/defaulttags.py", line 249, in render
    nodelist.append(node.render_annotated(context))
                    ~~~~~~~~~~~~~~~~~~~~~^^^^^^^^^
  File "/home/nsueqygf/virtualenv/pragathipower.com/3.13/lib/python3.13/site-packages/django/template/base.py", line 1052, in render_annotated
    return self.render(context)
           ~~~~~~~~~~~^^^^^^^^^
  File "/home/nsueqygf/virtualenv/pragathipower.com/3.13/lib/python3.13/site-packages/django/template/defaulttags.py", line 333, in render
    return nodelist.render(context)
           ~~~~~~~~~~~~~~~^^^^^^^^^
  File "/home/nsueqygf/virtualenv/pragathipower.com/3.13/lib/python3.13/site-packages/django/template/base.py", line 1091, in render
    return SafeString("".join([node.render_annotated(context) for node in self]))
                               ~~~~~~~~~~~~~~~~~~~~~^^^^^^^^^
  File "/home/nsueqygf/virtualenv/pragathipower.com/3.13/lib/python3.13/site-packages/django/template/base.py", line 1052, in render_annotated
    return self.render(context)
           ~~~~~~~~~~~^^^^^^^^^
  File "/home/nsueqygf/virtualenv/pragathipower.com/3.13/lib/python3.13/site-packages/django/template/defaulttags.py", line 511, in render
    url = reverse(view_name, args=args, kwargs=kwargs, current_app=current_app)
  File "/home/nsueqygf/virtualenv/pragathipower.com/3.13/lib/python3.13/site-packages/django/urls/base.py", line 98, in reverse
    resolved_url = resolver._reverse_with_prefix(view, prefix, *args, **kwargs)
  File "/home/nsueqygf/virtualenv/pragathipower.com/3.13/lib/python3.13/site-packages/django/urls/resolvers.py", line 842, in _reverse_with_prefix
    raise NoReverseMatch(msg)
django.urls.exceptions.NoReverseMatch: Reverse for 'mark_invoice_paid' with arguments '(20,)' not found. 1 pattern(s) tried: ['superadmin/mark\\-invoice\\-paid/(?P<invoice_id>[0-9a-f]{8}-[0-9a-f]{4}-[0-9a-f]{4}-[0-9a-f]{4}-[0-9a-f]{12})/\\Z']
Internal Server Error: /superadmin/vendor-statement/
Traceback (most recent call last):
  File "/home/nsueqygf/virtualenv/pragathipower.com/3.13/lib/python3.13/site-packages/django/core/handlers/exception.py", line 55, in inner
    response = get_response(request)
  File "/home/nsueqygf/virtualenv/pragathipower.com/3.13/lib/python3.13/site-packages/django/core/handlers/base.py", line 198, in _get_response
    response = wrapped_callback(request, *callback_args, **callback_kwargs)
  File "/home/nsueqygf/virtualenv/pragathipower.com/3.13/lib/python3.13/site-packages/django/contrib/auth/decorators.py", line 59, in _view_wrapper
    return view_func(request, *args, **kwargs)
  File "/home/nsueqygf/virtualenv/pragathipower.com/3.13/lib/python3.13/site-packages/django/contrib/auth/decorators.py", line 59, in _view_wrapper
    return view_func(request, *args, **kwargs)
  File "/home/nsueqygf/pragathipower.com/dashboard/views.py", line 4502, in vendor_statement
    return render(request, 'superadmin/vendor_statement.html', {
        'active_nav': 'account_statement',
    ...<7 lines>...
        'selected_vendor': vendor_id,
    })
  File "/home/nsueqygf/virtualenv/pragathipower.com/3.13/lib/python3.13/site-packages/django/shortcuts.py", line 25, in render
    content = loader.render_to_string(template_name, context, request, using=using)
  File "/home/nsueqygf/virtualenv/pragathipower.com/3.13/lib/python3.13/site-packages/django/template/loader.py", line 62, in render_to_string
    return template.render(context, request)
           ~~~~~~~~~~~~~~~^^^^^^^^^^^^^^^^^^
  File "/home/nsueqygf/virtualenv/pragathipower.com/3.13/lib/python3.13/site-packages/django/template/backends/django.py", line 107, in render
    return self.template.render(context)
           ~~~~~~~~~~~~~~~~~~~~^^^^^^^^^
  File "/home/nsueqygf/virtualenv/pragathipower.com/3.13/lib/python3.13/site-packages/django/template/base.py", line 174, in render
    return self._render(context)
           ~~~~~~~~~~~~^^^^^^^^^
  File "/home/nsueqygf/virtualenv/pragathipower.com/3.13/lib/python3.13/site-packages/django/template/base.py", line 166, in _render
    return self.nodelist.render(context)
           ~~~~~~~~~~~~~~~~~~~~^^^^^^^^^
  File "/home/nsueqygf/virtualenv/pragathipower.com/3.13/lib/python3.13/site-packages/django/template/base.py", line 1091, in render
    return SafeString("".join([node.render_annotated(context) for node in self]))
                               ~~~~~~~~~~~~~~~~~~~~~^^^^^^^^^
  File "/home/nsueqygf/virtualenv/pragathipower.com/3.13/lib/python3.13/site-packages/django/template/base.py", line 1052, in render_annotated
    return self.render(context)
           ~~~~~~~~~~~^^^^^^^^^
  File "/home/nsueqygf/virtualenv/pragathipower.com/3.13/lib/python3.13/site-packages/django/template/loader_tags.py", line 160, in render
    return compiled_parent._render(context)
           ~~~~~~~~~~~~~~~~~~~~~~~^^^^^^^^^
  File "/home/nsueqygf/virtualenv/pragathipower.com/3.13/lib/python3.13/site-packages/django/template/base.py", line 166, in _render
    return self.nodelist.render(context)
           ~~~~~~~~~~~~~~~~~~~~^^^^^^^^^
  File "/home/nsueqygf/virtualenv/pragathipower.com/3.13/lib/python3.13/site-packages/django/template/base.py", line 1091, in render
    return SafeString("".join([node.render_annotated(context) for node in self]))
                               ~~~~~~~~~~~~~~~~~~~~~^^^^^^^^^
  File "/home/nsueqygf/virtualenv/pragathipower.com/3.13/lib/python3.13/site-packages/django/template/base.py", line 1052, in render_annotated
    return self.render(context)
           ~~~~~~~~~~~^^^^^^^^^
  File "/home/nsueqygf/virtualenv/pragathipower.com/3.13/lib/python3.13/site-packages/django/template/loader_tags.py", line 66, in render
    result = block.nodelist.render(context)
  File "/home/nsueqygf/virtualenv/pragathipower.com/3.13/lib/python3.13/site-packages/django/template/base.py", line 1091, in render
    return SafeString("".join([node.render_annotated(context) for node in self]))
                               ~~~~~~~~~~~~~~~~~~~~~^^^^^^^^^
  File "/home/nsueqygf/virtualenv/pragathipower.com/3.13/lib/python3.13/site-packages/django/template/base.py", line 1052, in render_annotated
    return self.render(context)
           ~~~~~~~~~~~^^^^^^^^^
  File "/home/nsueqygf/virtualenv/pragathipower.com/3.13/lib/python3.13/site-packages/django/template/defaulttags.py", line 333, in render
    return nodelist.render(context)
           ~~~~~~~~~~~~~~~^^^^^^^^^
  File "/home/nsueqygf/virtualenv/pragathipower.com/3.13/lib/python3.13/site-packages/django/template/base.py", line 1091, in render
    return SafeString("".join([node.render_annotated(context) for node in self]))
                               ~~~~~~~~~~~~~~~~~~~~~^^^^^^^^^
  File "/home/nsueqygf/virtualenv/pragathipower.com/3.13/lib/python3.13/site-packages/django/template/base.py", line 1052, in render_annotated
    return self.render(context)
           ~~~~~~~~~~~^^^^^^^^^
  File "/home/nsueqygf/virtualenv/pragathipower.com/3.13/lib/python3.13/site-packages/django/template/defaulttags.py", line 249, in render
    nodelist.append(node.render_annotated(context))
                    ~~~~~~~~~~~~~~~~~~~~~^^^^^^^^^
  File "/home/nsueqygf/virtualenv/pragathipower.com/3.13/lib/python3.13/site-packages/django/template/base.py", line 1052, in render_annotated
    return self.render(context)
           ~~~~~~~~~~~^^^^^^^^^
  File "/home/nsueqygf/virtualenv/pragathipower.com/3.13/lib/python3.13/site-packages/django/template/defaulttags.py", line 333, in render
    return nodelist.render(context)
           ~~~~~~~~~~~~~~~^^^^^^^^^
  File "/home/nsueqygf/virtualenv/pragathipower.com/3.13/lib/python3.13/site-packages/django/template/base.py", line 1091, in render
    return SafeString("".join([node.render_annotated(context) for node in self]))
                               ~~~~~~~~~~~~~~~~~~~~~^^^^^^^^^
  File "/home/nsueqygf/virtualenv/pragathipower.com/3.13/lib/python3.13/site-packages/django/template/base.py", line 1052, in render_annotated
    return self.render(context)
           ~~~~~~~~~~~^^^^^^^^^
  File "/home/nsueqygf/virtualenv/pragathipower.com/3.13/lib/python3.13/site-packages/django/template/defaulttags.py", line 511, in render
    url = reverse(view_name, args=args, kwargs=kwargs, current_app=current_app)
  File "/home/nsueqygf/virtualenv/pragathipower.com/3.13/lib/python3.13/site-packages/django/urls/base.py", line 98, in reverse
    resolved_url = resolver._reverse_with_prefix(view, prefix, *args, **kwargs)
  File "/home/nsueqygf/virtualenv/pragathipower.com/3.13/lib/python3.13/site-packages/django/urls/resolvers.py", line 842, in _reverse_with_prefix
    raise NoReverseMatch(msg)
django.urls.exceptions.NoReverseMatch: Reverse for 'mark_invoice_paid' with arguments '(20,)' not found. 1 pattern(s) tried: ['superadmin/mark\\-invoice\\-paid/(?P<invoice_id>[0-9a-f]{8}-[0-9a-f]{4}-[0-9a-f]{4}-[0-9a-f]{4}-[0-9a-f]{12})/\\Z']
Not Found: /favicon.ico
/home/nsueqygf/virtualenv/pragathipower.com/3.13/lib/python3.13/site-packages/requests/__init__.py:113: RequestsDependencyWarning: urllib3 (2.6.3) or chardet (7.4.3)/charset_normalizer (3.4.4) doesn't match a supported version!
  warnings.warn(
/home/nsueqygf/virtualenv/pragathipower.com/3.13/lib/python3.13/site-packages/requests/__init__.py:113: RequestsDependencyWarning: urllib3 (2.6.3) or chardet (7.4.3)/charset_normalizer (3.4.4) doesn't match a supported version!
  warnings.warn(
Internal Server Error: /superadmin/vendor-statement/
Traceback (most recent call last):
  File "/home/nsueqygf/virtualenv/pragathipower.com/3.13/lib/python3.13/site-packages/django/core/handlers/exception.py", line 55, in inner
    response = get_response(request)
  File "/home/nsueqygf/virtualenv/pragathipower.com/3.13/lib/python3.13/site-packages/django/core/handlers/base.py", line 198, in _get_response
    response = wrapped_callback(request, *callback_args, **callback_kwargs)
  File "/home/nsueqygf/virtualenv/pragathipower.com/3.13/lib/python3.13/site-packages/django/contrib/auth/decorators.py", line 59, in _view_wrapper
    return view_func(request, *args, **kwargs)
  File "/home/nsueqygf/virtualenv/pragathipower.com/3.13/lib/python3.13/site-packages/django/contrib/auth/decorators.py", line 59, in _view_wrapper
    return view_func(request, *args, **kwargs)
  File "/home/nsueqygf/pragathipower.com/dashboard/views.py", line 4502, in vendor_statement
    return render(request, 'superadmin/vendor_statement.html', {
        'active_nav': 'account_statement',
    ...<7 lines>...
        'selected_vendor': vendor_id,
    })
  File "/home/nsueqygf/virtualenv/pragathipower.com/3.13/lib/python3.13/site-packages/django/shortcuts.py", line 25, in render
    content = loader.render_to_string(template_name, context, request, using=using)
  File "/home/nsueqygf/virtualenv/pragathipower.com/3.13/lib/python3.13/site-packages/django/template/loader.py", line 62, in render_to_string
    return template.render(context, request)
           ~~~~~~~~~~~~~~~^^^^^^^^^^^^^^^^^^
  File "/home/nsueqygf/virtualenv/pragathipower.com/3.13/lib/python3.13/site-packages/django/template/backends/django.py", line 107, in render
    return self.template.render(context)
           ~~~~~~~~~~~~~~~~~~~~^^^^^^^^^
  File "/home/nsueqygf/virtualenv/pragathipower.com/3.13/lib/python3.13/site-packages/django/template/base.py", line 174, in render
    return self._render(context)
           ~~~~~~~~~~~~^^^^^^^^^
  File "/home/nsueqygf/virtualenv/pragathipower.com/3.13/lib/python3.13/site-packages/django/template/base.py", line 166, in _render
    return self.nodelist.render(context)
           ~~~~~~~~~~~~~~~~~~~~^^^^^^^^^
  File "/home/nsueqygf/virtualenv/pragathipower.com/3.13/lib/python3.13/site-packages/django/template/base.py", line 1091, in render
    return SafeString("".join([node.render_annotated(context) for node in self]))
                               ~~~~~~~~~~~~~~~~~~~~~^^^^^^^^^
  File "/home/nsueqygf/virtualenv/pragathipower.com/3.13/lib/python3.13/site-packages/django/template/base.py", line 1052, in render_annotated
    return self.render(context)
           ~~~~~~~~~~~^^^^^^^^^
  File "/home/nsueqygf/virtualenv/pragathipower.com/3.13/lib/python3.13/site-packages/django/template/loader_tags.py", line 160, in render
    return compiled_parent._render(context)
           ~~~~~~~~~~~~~~~~~~~~~~~^^^^^^^^^
  File "/home/nsueqygf/virtualenv/pragathipower.com/3.13/lib/python3.13/site-packages/django/template/base.py", line 166, in _render
    return self.nodelist.render(context)
           ~~~~~~~~~~~~~~~~~~~~^^^^^^^^^
  File "/home/nsueqygf/virtualenv/pragathipower.com/3.13/lib/python3.13/site-packages/django/template/base.py", line 1091, in render
    return SafeString("".join([node.render_annotated(context) for node in self]))
                               ~~~~~~~~~~~~~~~~~~~~~^^^^^^^^^
  File "/home/nsueqygf/virtualenv/pragathipower.com/3.13/lib/python3.13/site-packages/django/template/base.py", line 1052, in render_annotated
    return self.render(context)
           ~~~~~~~~~~~^^^^^^^^^
  File "/home/nsueqygf/virtualenv/pragathipower.com/3.13/lib/python3.13/site-packages/django/template/loader_tags.py", line 66, in render
    result = block.nodelist.render(context)
  File "/home/nsueqygf/virtualenv/pragathipower.com/3.13/lib/python3.13/site-packages/django/template/base.py", line 1091, in render
    return SafeString("".join([node.render_annotated(context) for node in self]))
                               ~~~~~~~~~~~~~~~~~~~~~^^^^^^^^^
  File "/home/nsueqygf/virtualenv/pragathipower.com/3.13/lib/python3.13/site-packages/django/template/base.py", line 1052, in render_annotated
    return self.render(context)
           ~~~~~~~~~~~^^^^^^^^^
  File "/home/nsueqygf/virtualenv/pragathipower.com/3.13/lib/python3.13/site-packages/django/template/defaulttags.py", line 333, in render
    return nodelist.render(context)
           ~~~~~~~~~~~~~~~^^^^^^^^^
  File "/home/nsueqygf/virtualenv/pragathipower.com/3.13/lib/python3.13/site-packages/django/template/base.py", line 1091, in render
    return SafeString("".join([node.render_annotated(context) for node in self]))
                               ~~~~~~~~~~~~~~~~~~~~~^^^^^^^^^
  File "/home/nsueqygf/virtualenv/pragathipower.com/3.13/lib/python3.13/site-packages/django/template/base.py", line 1052, in render_annotated
    return self.render(context)
           ~~~~~~~~~~~^^^^^^^^^
  File "/home/nsueqygf/virtualenv/pragathipower.com/3.13/lib/python3.13/site-packages/django/template/defaulttags.py", line 249, in render
    nodelist.append(node.render_annotated(context))
                    ~~~~~~~~~~~~~~~~~~~~~^^^^^^^^^
  File "/home/nsueqygf/virtualenv/pragathipower.com/3.13/lib/python3.13/site-packages/django/template/base.py", line 1052, in render_annotated
    return self.render(context)
           ~~~~~~~~~~~^^^^^^^^^
  File "/home/nsueqygf/virtualenv/pragathipower.com/3.13/lib/python3.13/site-packages/django/template/defaulttags.py", line 333, in render
    return nodelist.render(context)
           ~~~~~~~~~~~~~~~^^^^^^^^^
  File "/home/nsueqygf/virtualenv/pragathipower.com/3.13/lib/python3.13/site-packages/django/template/base.py", line 1091, in render
    return SafeString("".join([node.render_annotated(context) for node in self]))
                               ~~~~~~~~~~~~~~~~~~~~~^^^^^^^^^
  File "/home/nsueqygf/virtualenv/pragathipower.com/3.13/lib/python3.13/site-packages/django/template/base.py", line 1052, in render_annotated
    return self.render(context)
           ~~~~~~~~~~~^^^^^^^^^
  File "/home/nsueqygf/virtualenv/pragathipower.com/3.13/lib/python3.13/site-packages/django/template/defaulttags.py", line 511, in render
    url = reverse(view_name, args=args, kwargs=kwargs, current_app=current_app)
  File "/home/nsueqygf/virtualenv/pragathipower.com/3.13/lib/python3.13/site-packages/django/urls/base.py", line 98, in reverse
    resolved_url = resolver._reverse_with_prefix(view, prefix, *args, **kwargs)
  File "/home/nsueqygf/virtualenv/pragathipower.com/3.13/lib/python3.13/site-packages/django/urls/resolvers.py", line 842, in _reverse_with_prefix
    raise NoReverseMatch(msg)
django.urls.exceptions.NoReverseMatch: Reverse for 'mark_invoice_paid' with arguments '(20,)' not found. 1 pattern(s) tried: ['superadmin/mark\\-invoice\\-paid/(?P<invoice_id>[0-9a-f]{8}-[0-9a-f]{4}-[0-9a-f]{4}-[0-9a-f]{4}-[0-9a-f]{12})/\\Z']
Not Found: /favicon.ico
/home/nsueqygf/virtualenv/pragathipower.com/3.13/lib/python3.13/site-packages/requests/__init__.py:113: RequestsDependencyWarning: urllib3 (2.6.3) or chardet (7.4.3)/charset_normalizer (3.4.4) doesn't match a supported version!
  warnings.warn(
[UID:1042][1292242] Child process with pid: 1364218 was killed by signal: 15, core dumped: no
/home/nsueqygf/virtualenv/pragathipower.com/3.13/lib/python3.13/site-packages/requests/__init__.py:113: RequestsDependencyWarning: urllib3 (2.6.3) or chardet (7.4.3)/charset_normalizer (3.4.4) doesn't match a supported version!
  warnings.warn(
[UID:1042][1292242] Child process with pid: 1364237 was killed by signal: 15, core dumped: no
/home/nsueqygf/virtualenv/pragathipower.com/3.13/lib/python3.13/site-packages/requests/__init__.py:113: RequestsDependencyWarning: urllib3 (2.6.3) or chardet (7.4.3)/charset_normalizer (3.4.4) doesn't match a supported version!
  warnings.warn(
[UID:1042][1292242] Child process with pid: 1364250 was killed by signal: 15, core dumped: no
/home/nsueqygf/virtualenv/pragathipower.com/3.13/lib/python3.13/site-packages/requests/__init__.py:113: RequestsDependencyWarning: urllib3 (2.6.3) or chardet (7.4.3)/charset_normalizer (3.4.4) doesn't match a supported version!
  warnings.warn(
[UID:1042][1292242] Child process with pid: 1364466 was killed by signal: 15, core dumped: no
/home/nsueqygf/virtualenv/pragathipower.com/3.13/lib/python3.13/site-packages/requests/__init__.py:113: RequestsDependencyWarning: urllib3 (2.6.3) or chardet (7.4.3)/charset_normalizer (3.4.4) doesn't match a supported version!
  warnings.warn(
[UID:1042][1292242] Child process with pid: 1364586 was killed by signal: 15, core dumped: no
/home/nsueqygf/virtualenv/pragathipower.com/3.13/lib/python3.13/site-packages/requests/__init__.py:113: RequestsDependencyWarning: urllib3 (2.6.3) or chardet (7.4.3)/charset_normalizer (3.4.4) doesn't match a supported version!
  warnings.warn(
[UID:1042][1292242] Child process with pid: 1364665 was killed by signal: 15, core dumped: no
/home/nsueqygf/virtualenv/pragathipower.com/3.13/lib/python3.13/site-packages/requests/__init__.py:113: RequestsDependencyWarning: urllib3 (2.6.3) or chardet (7.4.3)/charset_normalizer (3.4.4) doesn't match a supported version!
  warnings.warn(
Internal Server Error: /superadmin/vendor-statement/
Traceback (most recent call last):
  File "/home/nsueqygf/virtualenv/pragathipower.com/3.13/lib/python3.13/site-packages/django/core/handlers/exception.py", line 55, in inner
    response = get_response(request)
  File "/home/nsueqygf/virtualenv/pragathipower.com/3.13/lib/python3.13/site-packages/django/core/handlers/base.py", line 198, in _get_response
    response = wrapped_callback(request, *callback_args, **callback_kwargs)
  File "/home/nsueqygf/virtualenv/pragathipower.com/3.13/lib/python3.13/site-packages/django/contrib/auth/decorators.py", line 59, in _view_wrapper
    return view_func(request, *args, **kwargs)
  File "/home/nsueqygf/virtualenv/pragathipower.com/3.13/lib/python3.13/site-packages/django/contrib/auth/decorators.py", line 59, in _view_wrapper
    return view_func(request, *args, **kwargs)
  File "/home/nsueqygf/pragathipower.com/dashboard/views.py", line 4502, in vendor_statement
    return render(request, 'superadmin/vendor_statement.html', {
        'active_nav': 'account_statement',
    ...<7 lines>...
        'selected_vendor': vendor_id,
    })
  File "/home/nsueqygf/virtualenv/pragathipower.com/3.13/lib/python3.13/site-packages/django/shortcuts.py", line 25, in render
    content = loader.render_to_string(template_name, context, request, using=using)
  File "/home/nsueqygf/virtualenv/pragathipower.com/3.13/lib/python3.13/site-packages/django/template/loader.py", line 62, in render_to_string
    return template.render(context, request)
           ~~~~~~~~~~~~~~~^^^^^^^^^^^^^^^^^^
  File "/home/nsueqygf/virtualenv/pragathipower.com/3.13/lib/python3.13/site-packages/django/template/backends/django.py", line 107, in render
    return self.template.render(context)
           ~~~~~~~~~~~~~~~~~~~~^^^^^^^^^
  File "/home/nsueqygf/virtualenv/pragathipower.com/3.13/lib/python3.13/site-packages/django/template/base.py", line 174, in render
    return self._render(context)
           ~~~~~~~~~~~~^^^^^^^^^
  File "/home/nsueqygf/virtualenv/pragathipower.com/3.13/lib/python3.13/site-packages/django/template/base.py", line 166, in _render
    return self.nodelist.render(context)
           ~~~~~~~~~~~~~~~~~~~~^^^^^^^^^
  File "/home/nsueqygf/virtualenv/pragathipower.com/3.13/lib/python3.13/site-packages/django/template/base.py", line 1091, in render
    return SafeString("".join([node.render_annotated(context) for node in self]))
                               ~~~~~~~~~~~~~~~~~~~~~^^^^^^^^^
  File "/home/nsueqygf/virtualenv/pragathipower.com/3.13/lib/python3.13/site-packages/django/template/base.py", line 1052, in render_annotated
    return self.render(context)
           ~~~~~~~~~~~^^^^^^^^^
  File "/home/nsueqygf/virtualenv/pragathipower.com/3.13/lib/python3.13/site-packages/django/template/loader_tags.py", line 160, in render
    return compiled_parent._render(context)
           ~~~~~~~~~~~~~~~~~~~~~~~^^^^^^^^^
  File "/home/nsueqygf/virtualenv/pragathipower.com/3.13/lib/python3.13/site-packages/django/template/base.py", line 166, in _render
    return self.nodelist.render(context)
           ~~~~~~~~~~~~~~~~~~~~^^^^^^^^^
  File "/home/nsueqygf/virtualenv/pragathipower.com/3.13/lib/python3.13/site-packages/django/template/base.py", line 1091, in render
    return SafeString("".join([node.render_annotated(context) for node in self]))
                               ~~~~~~~~~~~~~~~~~~~~~^^^^^^^^^
  File "/home/nsueqygf/virtualenv/pragathipower.com/3.13/lib/python3.13/site-packages/django/template/base.py", line 1052, in render_annotated
    return self.render(context)
           ~~~~~~~~~~~^^^^^^^^^
  File "/home/nsueqygf/virtualenv/pragathipower.com/3.13/lib/python3.13/site-packages/django/template/loader_tags.py", line 66, in render
    result = block.nodelist.render(context)
  File "/home/nsueqygf/virtualenv/pragathipower.com/3.13/lib/python3.13/site-packages/django/template/base.py", line 1091, in render
    return SafeString("".join([node.render_annotated(context) for node in self]))
                               ~~~~~~~~~~~~~~~~~~~~~^^^^^^^^^
  File "/home/nsueqygf/virtualenv/pragathipower.com/3.13/lib/python3.13/site-packages/django/template/base.py", line 1052, in render_annotated
    return self.render(context)
           ~~~~~~~~~~~^^^^^^^^^
  File "/home/nsueqygf/virtualenv/pragathipower.com/3.13/lib/python3.13/site-packages/django/template/defaulttags.py", line 333, in render
    return nodelist.render(context)
           ~~~~~~~~~~~~~~~^^^^^^^^^
  File "/home/nsueqygf/virtualenv/pragathipower.com/3.13/lib/python3.13/site-packages/django/template/base.py", line 1091, in render
    return SafeString("".join([node.render_annotated(context) for node in self]))
                               ~~~~~~~~~~~~~~~~~~~~~^^^^^^^^^
  File "/home/nsueqygf/virtualenv/pragathipower.com/3.13/lib/python3.13/site-packages/django/template/base.py", line 1052, in render_annotated
    return self.render(context)
           ~~~~~~~~~~~^^^^^^^^^
  File "/home/nsueqygf/virtualenv/pragathipower.com/3.13/lib/python3.13/site-packages/django/template/defaulttags.py", line 249, in render
    nodelist.append(node.render_annotated(context))
                    ~~~~~~~~~~~~~~~~~~~~~^^^^^^^^^
  File "/home/nsueqygf/virtualenv/pragathipower.com/3.13/lib/python3.13/site-packages/django/template/base.py", line 1052, in render_annotated
    return self.render(context)
           ~~~~~~~~~~~^^^^^^^^^
  File "/home/nsueqygf/virtualenv/pragathipower.com/3.13/lib/python3.13/site-packages/django/template/defaulttags.py", line 333, in render
    return nodelist.render(context)
           ~~~~~~~~~~~~~~~^^^^^^^^^
  File "/home/nsueqygf/virtualenv/pragathipower.com/3.13/lib/python3.13/site-packages/django/template/base.py", line 1091, in render
    return SafeString("".join([node.render_annotated(context) for node in self]))
                               ~~~~~~~~~~~~~~~~~~~~~^^^^^^^^^
  File "/home/nsueqygf/virtualenv/pragathipower.com/3.13/lib/python3.13/site-packages/django/template/base.py", line 1052, in render_annotated
    return self.render(context)
           ~~~~~~~~~~~^^^^^^^^^
  File "/home/nsueqygf/virtualenv/pragathipower.com/3.13/lib/python3.13/site-packages/django/template/defaulttags.py", line 511, in render
    url = reverse(view_name, args=args, kwargs=kwargs, current_app=current_app)
  File "/home/nsueqygf/virtualenv/pragathipower.com/3.13/lib/python3.13/site-packages/django/urls/base.py", line 98, in reverse
    resolved_url = resolver._reverse_with_prefix(view, prefix, *args, **kwargs)
  File "/home/nsueqygf/virtualenv/pragathipower.com/3.13/lib/python3.13/site-packages/django/urls/resolvers.py", line 842, in _reverse_with_prefix
    raise NoReverseMatch(msg)
django.urls.exceptions.NoReverseMatch: Reverse for 'mark_invoice_paid' with arguments '(20,)' not found. 1 pattern(s) tried: ['superadmin/mark\\-invoice\\-paid/(?P<invoice_id>[0-9a-f]{8}-[0-9a-f]{4}-[0-9a-f]{4}-[0-9a-f]{4}-[0-9a-f]{12})/\\Z']
Not Found: /favicon.ico
/home/nsueqygf/virtualenv/pragathipower.com/3.13/lib/python3.13/site-packages/requests/__init__.py:113: RequestsDependencyWarning: urllib3 (2.6.3) or chardet (7.4.3)/charset_normalizer (3.4.4) doesn't match a supported version!
  warnings.warn(
Not Found: /favicon.ico
Not Found: /static/images/Favicon.ico
Not Found: /favicon.ico
/home/nsueqygf/virtualenv/pragathipower.com/3.13/lib/python3.13/site-packages/requests/__init__.py:113: RequestsDependencyWarning: urllib3 (2.6.3) or chardet (7.4.3)/charset_normalizer (3.4.4) doesn't match a supported version!
  warnings.warn(
/home/nsueqygf/virtualenv/pragathipower.com/3.13/lib/python3.13/site-packages/requests/__init__.py:113: RequestsDependencyWarning: urllib3 (2.6.3) or chardet (7.4.3)/charset_normalizer (3.4.4) doesn't match a supported version!
  warnings.warn(
Not Found: /favicon.ico
Not Found: /vendor/upload/7746c1800a4445c592b2eb302c881cb6/
Not Found: /vendor/upload/7746c1800a4445c592b2eb302c881cb6/
============================================================
VENDOR REGISTRATION FORM SUBMITTED
Vendor created: e6a65ae2-36d1-438b-86a7-582eba065684
Confirmation email sent to manager@pragathipower.com
Admin email error: 'Settings' object has no attribute 'ADMIN_EMAIL'
/home/nsueqygf/virtualenv/pragathipower.com/3.13/lib/python3.13/site-packages/requests/__init__.py:113: RequestsDependencyWarning: urllib3 (2.6.3) or chardet (7.4.3)/charset_normalizer (3.4.4) doesn't match a supported version!
  warnings.warn(
Not Found: /vendor/upload/7746c1800a4445c592b2eb302c881cb6/
Not Found: /favicon.ico
/home/nsueqygf/virtualenv/pragathipower.com/3.13/lib/python3.13/site-packages/requests/__init__.py:113: RequestsDependencyWarning: urllib3 (2.6.3) or chardet (7.4.3)/charset_normalizer (3.4.4) doesn't match a supported version!
  warnings.warn(
Not Found: /favicon.ico
/home/nsueqygf/virtualenv/pragathipower.com/3.13/lib/python3.13/site-packages/requests/__init__.py:113: RequestsDependencyWarning: urllib3 (2.6.3) or chardet (7.4.3)/charset_normalizer (3.4.4) doesn't match a supported version!
  warnings.warn(
============================================================
ENQUIRY DATA RECEIVED:
  fullName: Harshita Mishra
  organization: fresher
  email: bdh@pragathiitads.com
  mobile: 09078277882
  pincode: 560090
  officeName: Silvepura B.O
  taluk: Bangalore North
  district: Bangalore Rural
  state: KARNATAKA
  fullAddress: Silvepura B.O, Bangalore North, Bangalore Rural, KARNATAKA - 560090
  selectedPincodes: 
  mainCategory: Solar Energy
  timeline: 1-3 months
  contactTime: Afternoon (12PM-4PM)
  hearFrom: Other
  subCategory: Residential
  systemType: On-Grid
  installationType: Rooftop
  areaSqft: 800
  systemKw: 3
============================================================
ENQUIRY SAVED: ENQ-000004
Email error: 'ascii' codec can't encode character '\U0001f4e7' in position 0: ordinal not in range(128)
Not Found: /static/images/Favicon.ico
/home/nsueqygf/virtualenv/pragathipower.com/3.13/lib/python3.13/site-packages/requests/__init__.py:113: RequestsDependencyWarning: urllib3 (2.6.3) or chardet (7.4.3)/charset_normalizer (3.4.4) doesn't match a supported version!
  warnings.warn(
New user created: bdh@pragathiitads.com, password: 9078277882
Not Found: /favicon.ico
/home/nsueqygf/virtualenv/pragathipower.com/3.13/lib/python3.13/site-packages/requests/__init__.py:113: RequestsDependencyWarning: urllib3 (2.6.3) or chardet (7.4.3)/charset_normalizer (3.4.4) doesn't match a supported version!
  warnings.warn(
Not Found: /favicon.ico
Not Found: /favicon.ico
Sanitised mobile for Razorpay: 9078277882
Attempting to send email to: info@pragathipower.com
Subject:New Site Visit Assignment - ENQ-000004 | Pragathi Power
Schedule URL:https://www.pragathipower.com/superadmin/schedule-visit/11/
Email sent successfully to info@pragathipower.com
/home/nsueqygf/virtualenv/pragathipower.com/3.13/lib/python3.13/site-packages/requests/__init__.py:113: RequestsDependencyWarning: urllib3 (2.6.3) or chardet (7.4.3)/charset_normalizer (3.4.4) doesn't match a supported version!
  warnings.warn(
Not Found: /vendor/
/home/nsueqygf/virtualenv/pragathipower.com/3.13/lib/python3.13/site-packages/requests/__init__.py:113: RequestsDependencyWarning: urllib3 (2.6.3) or chardet (7.4.3)/charset_normalizer (3.4.4) doesn't match a supported version!
  warnings.warn(
Not Found: /favicon.ico
Not Found: /client/quotation/b104d2ad-83fe-459c-90f2-f544d9db403f/accept/
Not Found: /client/quotation/b104d2ad-83fe-459c-90f2-f544d9db403f/accept/
/home/nsueqygf/virtualenv/pragathipower.com/3.13/lib/python3.13/site-packages/requests/__init__.py:113: RequestsDependencyWarning: urllib3 (2.6.3) or chardet (7.4.3)/charset_normalizer (3.4.4) doesn't match a supported version!
  warnings.warn(
/home/nsueqygf/virtualenv/pragathipower.com/3.13/lib/python3.13/site-packages/requests/__init__.py:113: RequestsDependencyWarning: urllib3 (2.6.3) or chardet (7.4.3)/charset_normalizer (3.4.4) doesn't match a supported version!
  warnings.warn(
/home/nsueqygf/virtualenv/pragathipower.com/3.13/lib/python3.13/site-packages/requests/__init__.py:113: RequestsDependencyWarning: urllib3 (2.6.3) or chardet (7.4.3)/charset_normalizer (3.4.4) doesn't match a supported version!
  warnings.warn(
/home/nsueqygf/virtualenv/pragathipower.com/3.13/lib/python3.13/site-packages/requests/__init__.py:113: RequestsDependencyWarning: urllib3 (2.6.3) or chardet (7.4.3)/charset_normalizer (3.4.4) doesn't match a supported version!
  warnings.warn(
/home/nsueqygf/virtualenv/pragathipower.com/3.13/lib/python3.13/site-packages/requests/__init__.py:113: RequestsDependencyWarning: urllib3 (2.6.3) or chardet (7.4.3)/charset_normalizer (3.4.4) doesn't match a supported version!
  warnings.warn(
Not Found: /robots.txt
Not Found: /favicon.ico
Not Found: /robots.txt
Not Found: /robots.txt
Not Found: /robots.txt
/home/nsueqygf/virtualenv/pragathipower.com/3.13/lib/python3.13/site-packages/requests/__init__.py:113: RequestsDependencyWarning: urllib3 (2.6.3) or chardet (7.4.3)/charset_normalizer (3.4.4) doesn't match a supported version!
  warnings.warn(
/home/nsueqygf/virtualenv/pragathipower.com/3.13/lib/python3.13/site-packages/requests/__init__.py:113: RequestsDependencyWarning: urllib3 (2.6.3) or chardet (7.4.3)/charset_normalizer (3.4.4) doesn't match a supported version!
  warnings.warn(
Not Found: /favicon.ico
Not Found: /vendor/enquiries/
Forbidden (CSRF token from POST incorrect.): /vendor/login/
Not Found: /vendor/
/home/nsueqygf/virtualenv/pragathipower.com/3.13/lib/python3.13/site-packages/requests/__init__.py:113: RequestsDependencyWarning: urllib3 (2.6.3) or chardet (7.4.3)/charset_normalizer (3.4.4) doesn't match a supported version!
  warnings.warn(
Not Found: /favicon.ico
/home/nsueqygf/virtualenv/pragathipower.com/3.13/lib/python3.13/site-packages/requests/__init__.py:113: RequestsDependencyWarning: urllib3 (2.6.3) or chardet (7.4.3)/charset_normalizer (3.4.4) doesn't match a supported version!
  warnings.warn(
PO email sent to manager@pragathipower.com with PDF
/home/nsueqygf/virtualenv/pragathipower.com/3.13/lib/python3.13/site-packages/requests/__init__.py:113: RequestsDependencyWarning: urllib3 (2.6.3) or chardet (7.4.3)/charset_normalizer (3.4.4) doesn't match a supported version!
  warnings.warn(
/home/nsueqygf/virtualenv/pragathipower.com/3.13/lib/python3.13/site-packages/requests/__init__.py:113: RequestsDependencyWarning: urllib3 (2.6.3) or chardet (7.4.3)/charset_normalizer (3.4.4) doesn't match a supported version!
  warnings.warn(
/home/nsueqygf/virtualenv/pragathipower.com/3.13/lib/python3.13/site-packages/requests/__init__.py:113: RequestsDependencyWarning: urllib3 (2.6.3) or chardet (7.4.3)/charset_normalizer (3.4.4) doesn't match a supported version!
  warnings.warn(
Invalid HTTP_HOST header: 'www.pragathipower.com.pragathihrs.com'. You may need to add 'www.pragathipower.com.pragathihrs.com' to ALLOWED_HOSTS.
Traceback (most recent call last):
  File "/home/nsueqygf/virtualenv/pragathipower.com/3.13/lib/python3.13/site-packages/django/core/handlers/exception.py", line 55, in inner
    response = get_response(request)
  File "/home/nsueqygf/virtualenv/pragathipower.com/3.13/lib/python3.13/site-packages/django/utils/deprecation.py", line 308, in __call__
    response = self.process_request(request)
  File "/home/nsueqygf/virtualenv/pragathipower.com/3.13/lib/python3.13/site-packages/django/middleware/common.py", line 48, in process_request
    host = request.get_host()
  File "/home/nsueqygf/virtualenv/pragathipower.com/3.13/lib/python3.13/site-packages/django/http/request.py", line 205, in get_host
    raise DisallowedHost(msg)
django.core.exceptions.DisallowedHost: Invalid HTTP_HOST header: 'www.pragathipower.com.pragathihrs.com'. You may need to add 'www.pragathipower.com.pragathihrs.com' to ALLOWED_HOSTS.
/home/nsueqygf/virtualenv/pragathipower.com/3.13/lib/python3.13/site-packages/requests/__init__.py:113: RequestsDependencyWarning: urllib3 (2.6.3) or chardet (7.4.3)/charset_normalizer (3.4.4) doesn't match a supported version!
  warnings.warn(
/home/nsueqygf/virtualenv/pragathipower.com/3.13/lib/python3.13/site-packages/requests/__init__.py:113: RequestsDependencyWarning: urllib3 (2.6.3) or chardet (7.4.3)/charset_normalizer (3.4.4) doesn't match a supported version!
  warnings.warn(
/home/nsueqygf/virtualenv/pragathipower.com/3.13/lib/python3.13/site-packages/requests/__init__.py:113: RequestsDependencyWarning: urllib3 (2.6.3) or chardet (7.4.3)/charset_normalizer (3.4.4) doesn't match a supported version!
  warnings.warn(
/home/nsueqygf/virtualenv/pragathipower.com/3.13/lib/python3.13/site-packages/requests/__init__.py:113: RequestsDependencyWarning: urllib3 (2.6.3) or chardet (7.4.3)/charset_normalizer (3.4.4) doesn't match a supported version!
  warnings.warn(
/home/nsueqygf/virtualenv/pragathipower.com/3.13/lib/python3.13/site-packages/requests/__init__.py:113: RequestsDependencyWarning: urllib3 (2.6.3) or chardet (7.4.3)/charset_normalizer (3.4.4) doesn't match a supported version!
  warnings.warn(
/home/nsueqygf/virtualenv/pragathipower.com/3.13/lib/python3.13/site-packages/requests/__init__.py:113: RequestsDependencyWarning: urllib3 (2.6.3) or chardet (7.4.3)/charset_normalizer (3.4.4) doesn't match a supported version!
  warnings.warn(
/home/nsueqygf/virtualenv/pragathipower.com/3.13/lib/python3.13/site-packages/requests/__init__.py:113: RequestsDependencyWarning: urllib3 (2.6.3) or chardet (7.4.3)/charset_normalizer (3.4.4) doesn't match a supported version!
  warnings.warn(
/home/nsueqygf/virtualenv/pragathipower.com/3.13/lib/python3.13/site-packages/requests/__init__.py:113: RequestsDependencyWarning: urllib3 (2.6.3) or chardet (7.4.3)/charset_normalizer (3.4.4) doesn't match a supported version!
  warnings.warn(
/home/nsueqygf/virtualenv/pragathipower.com/3.13/lib/python3.13/site-packages/requests/__init__.py:113: RequestsDependencyWarning: urllib3 (2.6.3) or chardet (7.4.3)/charset_normalizer (3.4.4) doesn't match a supported version!
  warnings.warn(
/home/nsueqygf/virtualenv/pragathipower.com/3.13/lib/python3.13/site-packages/requests/__init__.py:113: RequestsDependencyWarning: urllib3 (2.6.3) or chardet (7.4.3)/charset_normalizer (3.4.4) doesn't match a supported version!
  warnings.warn(
/home/nsueqygf/virtualenv/pragathipower.com/3.13/lib/python3.13/site-packages/requests/__init__.py:113: RequestsDependencyWarning: urllib3 (2.6.3) or chardet (7.4.3)/charset_normalizer (3.4.4) doesn't match a supported version!
  warnings.warn(
Not Found: /robots.txt
/home/nsueqygf/virtualenv/pragathipower.com/3.13/lib/python3.13/site-packages/requests/__init__.py:113: RequestsDependencyWarning: urllib3 (2.6.3) or chardet (7.4.3)/charset_normalizer (3.4.4) doesn't match a supported version!
  warnings.warn(
/home/nsueqygf/virtualenv/pragathipower.com/3.13/lib/python3.13/site-packages/requests/__init__.py:113: RequestsDependencyWarning: urllib3 (2.6.3) or chardet (7.4.3)/charset_normalizer (3.4.4) doesn't match a supported version!
  warnings.warn(
Not Found: /robots.txt
/home/nsueqygf/virtualenv/pragathipower.com/3.13/lib/python3.13/site-packages/requests/__init__.py:113: RequestsDependencyWarning: urllib3 (2.6.3) or chardet (7.4.3)/charset_normalizer (3.4.4) doesn't match a supported version!
  warnings.warn(
Invalid HTTP_HOST header: 'www.pragathipower.com.pragathihrs.com'. You may need to add 'www.pragathipower.com.pragathihrs.com' to ALLOWED_HOSTS.
Traceback (most recent call last):
  File "/home/nsueqygf/virtualenv/pragathipower.com/3.13/lib/python3.13/site-packages/django/core/handlers/exception.py", line 55, in inner
    response = get_response(request)
  File "/home/nsueqygf/virtualenv/pragathipower.com/3.13/lib/python3.13/site-packages/django/utils/deprecation.py", line 308, in __call__
    response = self.process_request(request)
  File "/home/nsueqygf/virtualenv/pragathipower.com/3.13/lib/python3.13/site-packages/django/middleware/common.py", line 48, in process_request
    host = request.get_host()
  File "/home/nsueqygf/virtualenv/pragathipower.com/3.13/lib/python3.13/site-packages/django/http/request.py", line 205, in get_host
    raise DisallowedHost(msg)
django.core.exceptions.DisallowedHost: Invalid HTTP_HOST header: 'www.pragathipower.com.pragathihrs.com'. You may need to add 'www.pragathipower.com.pragathihrs.com' to ALLOWED_HOSTS.
/home/nsueqygf/virtualenv/pragathipower.com/3.13/lib/python3.13/site-packages/requests/__init__.py:113: RequestsDependencyWarning: urllib3 (2.6.3) or chardet (7.4.3)/charset_normalizer (3.4.4) doesn't match a supported version!
  warnings.warn(
Not Found: /contact.html
/home/nsueqygf/virtualenv/pragathipower.com/3.13/lib/python3.13/site-packages/requests/__init__.py:113: RequestsDependencyWarning: urllib3 (2.6.3) or chardet (7.4.3)/charset_normalizer (3.4.4) doesn't match a supported version!
  warnings.warn(
Not Found: /robots.txt
/home/nsueqygf/virtualenv/pragathipower.com/3.13/lib/python3.13/site-packages/requests/__init__.py:113: RequestsDependencyWarning: urllib3 (2.6.3) or chardet (7.4.3)/charset_normalizer (3.4.4) doesn't match a supported version!
  warnings.warn(
/home/nsueqygf/virtualenv/pragathipower.com/3.13/lib/python3.13/site-packages/requests/__init__.py:113: RequestsDependencyWarning: urllib3 (2.6.3) or chardet (7.4.3)/charset_normalizer (3.4.4) doesn't match a supported version!
  warnings.warn(
Forbidden (Referer checking failed - no Referer.): /
/home/nsueqygf/virtualenv/pragathipower.com/3.13/lib/python3.13/site-packages/requests/__init__.py:113: RequestsDependencyWarning: urllib3 (2.6.3) or chardet (7.4.3)/charset_normalizer (3.4.4) doesn't match a supported version!
  warnings.warn(
/home/nsueqygf/virtualenv/pragathipower.com/3.13/lib/python3.13/site-packages/requests/__init__.py:113: RequestsDependencyWarning: urllib3 (2.6.3) or chardet (7.4.3)/charset_normalizer (3.4.4) doesn't match a supported version!
  warnings.warn(
/home/nsueqygf/virtualenv/pragathipower.com/3.13/lib/python3.13/site-packages/requests/__init__.py:113: RequestsDependencyWarning: urllib3 (2.6.3) or chardet (7.4.3)/charset_normalizer (3.4.4) doesn't match a supported version!
  warnings.warn(
/home/nsueqygf/virtualenv/pragathipower.com/3.13/lib/python3.13/site-packages/requests/__init__.py:113: RequestsDependencyWarning: urllib3 (2.6.3) or chardet (7.4.3)/charset_normalizer (3.4.4) doesn't match a supported version!
  warnings.warn(
/home/nsueqygf/virtualenv/pragathipower.com/3.13/lib/python3.13/site-packages/requests/__init__.py:113: RequestsDependencyWarning: urllib3 (2.6.3) or chardet (7.4.3)/charset_normalizer (3.4.4) doesn't match a supported version!
  warnings.warn(
/home/nsueqygf/virtualenv/pragathipower.com/3.13/lib/python3.13/site-packages/requests/__init__.py:113: RequestsDependencyWarning: urllib3 (2.6.3) or chardet (7.4.3)/charset_normalizer (3.4.4) doesn't match a supported version!
  warnings.warn(
/home/nsueqygf/virtualenv/pragathipower.com/3.13/lib/python3.13/site-packages/requests/__init__.py:113: RequestsDependencyWarning: urllib3 (2.6.3) or chardet (7.4.3)/charset_normalizer (3.4.4) doesn't match a supported version!
  warnings.warn(
Not Found: /sitemap_index.xml
/home/nsueqygf/virtualenv/pragathipower.com/3.13/lib/python3.13/site-packages/requests/__init__.py:113: RequestsDependencyWarning: urllib3 (2.6.3) or chardet (7.4.3)/charset_normalizer (3.4.4) doesn't match a supported version!
  warnings.warn(
Not Found: /robots.txt
/home/nsueqygf/virtualenv/pragathipower.com/3.13/lib/python3.13/site-packages/requests/__init__.py:113: RequestsDependencyWarning: urllib3 (2.6.3) or chardet (7.4.3)/charset_normalizer (3.4.4) doesn't match a supported version!
  warnings.warn(
Not Found: /robots.txt
/home/nsueqygf/virtualenv/pragathipower.com/3.13/lib/python3.13/site-packages/requests/__init__.py:113: RequestsDependencyWarning: urllib3 (2.6.3) or chardet (7.4.3)/charset_normalizer (3.4.4) doesn't match a supported version!
  warnings.warn(
Not Found: /robots.txt
/home/nsueqygf/virtualenv/pragathipower.com/3.13/lib/python3.13/site-packages/requests/__init__.py:113: RequestsDependencyWarning: urllib3 (2.6.3) or chardet (7.4.3)/charset_normalizer (3.4.4) doesn't match a supported version!
  warnings.warn(
/home/nsueqygf/virtualenv/pragathipower.com/3.13/lib/python3.13/site-packages/requests/__init__.py:113: RequestsDependencyWarning: urllib3 (2.6.3) or chardet (7.4.3)/charset_normalizer (3.4.4) doesn't match a supported version!
  warnings.warn(
/home/nsueqygf/virtualenv/pragathipower.com/3.13/lib/python3.13/site-packages/requests/__init__.py:113: RequestsDependencyWarning: urllib3 (2.6.3) or chardet (7.4.3)/charset_normalizer (3.4.4) doesn't match a supported version!
  warnings.warn(
/home/nsueqygf/virtualenv/pragathipower.com/3.13/lib/python3.13/site-packages/requests/__init__.py:113: RequestsDependencyWarning: urllib3 (2.6.3) or chardet (7.4.3)/charset_normalizer (3.4.4) doesn't match a supported version!
  warnings.warn(
/home/nsueqygf/virtualenv/pragathipower.com/3.13/lib/python3.13/site-packages/requests/__init__.py:113: RequestsDependencyWarning: urllib3 (2.6.3) or chardet (7.4.3)/charset_normalizer (3.4.4) doesn't match a supported version!
  warnings.warn(
Not Found: /static/images/Favicon.ico
/home/nsueqygf/virtualenv/pragathipower.com/3.13/lib/python3.13/site-packages/requests/__init__.py:113: RequestsDependencyWarning: urllib3 (2.6.3) or chardet (7.4.3)/charset_normalizer (3.4.4) doesn't match a supported version!
  warnings.warn(
Not Found: /robots.txt
Not Found: /favicon.ico
/home/nsueqygf/virtualenv/pragathipower.com/3.13/lib/python3.13/site-packages/requests/__init__.py:113: RequestsDependencyWarning: urllib3 (2.6.3) or chardet (7.4.3)/charset_normalizer (3.4.4) doesn't match a supported version!
  warnings.warn(
/home/nsueqygf/virtualenv/pragathipower.com/3.13/lib/python3.13/site-packages/requests/__init__.py:113: RequestsDependencyWarning: urllib3 (2.6.3) or chardet (7.4.3)/charset_normalizer (3.4.4) doesn't match a supported version!
  warnings.warn(
Not Found: /robots.txt
/home/nsueqygf/virtualenv/pragathipower.com/3.13/lib/python3.13/site-packages/requests/__init__.py:113: RequestsDependencyWarning: urllib3 (2.6.3) or chardet (7.4.3)/charset_normalizer (3.4.4) doesn't match a supported version!
  warnings.warn(
/home/nsueqygf/virtualenv/pragathipower.com/3.13/lib/python3.13/site-packages/requests/__init__.py:113: RequestsDependencyWarning: urllib3 (2.6.3) or chardet (7.4.3)/charset_normalizer (3.4.4) doesn't match a supported version!
  warnings.warn(
/home/nsueqygf/virtualenv/pragathipower.com/3.13/lib/python3.13/site-packages/requests/__init__.py:113: RequestsDependencyWarning: urllib3 (2.6.3) or chardet (7.4.3)/charset_normalizer (3.4.4) doesn't match a supported version!
  warnings.warn(
Not Found: /robots.txt
/home/nsueqygf/virtualenv/pragathipower.com/3.13/lib/python3.13/site-packages/requests/__init__.py:113: RequestsDependencyWarning: urllib3 (2.6.3) or chardet (7.4.3)/charset_normalizer (3.4.4) doesn't match a supported version!
  warnings.warn(
Not Found: /index.html
/home/nsueqygf/virtualenv/pragathipower.com/3.13/lib/python3.13/site-packages/requests/__init__.py:113: RequestsDependencyWarning: urllib3 (2.6.3) or chardet (7.4.3)/charset_normalizer (3.4.4) doesn't match a supported version!
  warnings.warn(
/home/nsueqygf/virtualenv/pragathipower.com/3.13/lib/python3.13/site-packages/requests/__init__.py:113: RequestsDependencyWarning: urllib3 (2.6.3) or chardet (7.4.3)/charset_normalizer (3.4.4) doesn't match a supported version!
  warnings.warn(
/home/nsueqygf/virtualenv/pragathipower.com/3.13/lib/python3.13/site-packages/requests/__init__.py:113: RequestsDependencyWarning: urllib3 (2.6.3) or chardet (7.4.3)/charset_normalizer (3.4.4) doesn't match a supported version!
  warnings.warn(
Not Found: /robots.txt
/home/nsueqygf/virtualenv/pragathipower.com/3.13/lib/python3.13/site-packages/requests/__init__.py:113: RequestsDependencyWarning: urllib3 (2.6.3) or chardet (7.4.3)/charset_normalizer (3.4.4) doesn't match a supported version!
  warnings.warn(
/home/nsueqygf/virtualenv/pragathipower.com/3.13/lib/python3.13/site-packages/requests/__init__.py:113: RequestsDependencyWarning: urllib3 (2.6.3) or chardet (7.4.3)/charset_normalizer (3.4.4) doesn't match a supported version!
  warnings.warn(
/home/nsueqygf/virtualenv/pragathipower.com/3.13/lib/python3.13/site-packages/requests/__init__.py:113: RequestsDependencyWarning: urllib3 (2.6.3) or chardet (7.4.3)/charset_normalizer (3.4.4) doesn't match a supported version!
  warnings.warn(
/home/nsueqygf/virtualenv/pragathipower.com/3.13/lib/python3.13/site-packages/requests/__init__.py:113: RequestsDependencyWarning: urllib3 (2.6.3) or chardet (7.4.3)/charset_normalizer (3.4.4) doesn't match a supported version!
  warnings.warn(
/home/nsueqygf/virtualenv/pragathipower.com/3.13/lib/python3.13/site-packages/requests/__init__.py:113: RequestsDependencyWarning: urllib3 (2.6.3) or chardet (7.4.3)/charset_normalizer (3.4.4) doesn't match a supported version!
  warnings.warn(
/home/nsueqygf/virtualenv/pragathipower.com/3.13/lib/python3.13/site-packages/requests/__init__.py:113: RequestsDependencyWarning: urllib3 (2.6.3) or chardet (7.4.3)/charset_normalizer (3.4.4) doesn't match a supported version!
  warnings.warn(
Not Found: /favicon.ico
/home/nsueqygf/virtualenv/pragathipower.com/3.13/lib/python3.13/site-packages/requests/__init__.py:113: RequestsDependencyWarning: urllib3 (2.6.3) or chardet (7.4.3)/charset_normalizer (3.4.4) doesn't match a supported version!
  warnings.warn(
/home/nsueqygf/virtualenv/pragathipower.com/3.13/lib/python3.13/site-packages/requests/__init__.py:113: RequestsDependencyWarning: urllib3 (2.6.3) or chardet (7.4.3)/charset_normalizer (3.4.4) doesn't match a supported version!
  warnings.warn(
[UID:1042][3892279] Child process with pid: 3892386 was killed by signal: 15, core dumped: no
/home/nsueqygf/virtualenv/pragathipower.com/3.13/lib/python3.13/site-packages/requests/__init__.py:113: RequestsDependencyWarning: urllib3 (2.6.3) or chardet (7.4.3)/charset_normalizer (3.4.4) doesn't match a supported version!
  warnings.warn(
/home/nsueqygf/virtualenv/pragathipower.com/3.13/lib/python3.13/site-packages/requests/__init__.py:113: RequestsDependencyWarning: urllib3 (2.6.3) or chardet (7.4.3)/charset_normalizer (3.4.4) doesn't match a supported version!
  warnings.warn(
Not Found: /robots.txt
/home/nsueqygf/virtualenv/pragathipower.com/3.13/lib/python3.13/site-packages/requests/__init__.py:113: RequestsDependencyWarning: urllib3 (2.6.3) or chardet (7.4.3)/charset_normalizer (3.4.4) doesn't match a supported version!
  warnings.warn(
Not Found: /robots.txt
Not Found: /radial-gradient(at 22%2050, rgba(201, 162, 39, 0.09) 0, rgba(0, 0, 0, 0) 60), radial-gradient(at 80%2020, rgba(0, 230, 118, 0.07) 0, rgba(0, 0, 0, 0) 50), linear-gradient(rgb(6, 13, 26) 0, rgb(10, 22, 40) 100)/radial-gradient(at%2022%%2050%,%20rgba(201,%20162,%2039,%200.09)%200%,%20rgba(0,%200,%200,%200)%2060%),%20radial-gradient(at%2080%%2020%,%20rgba(0,%20230,%20118,%200.07)%200%,%20rgba(0,%200,%200,%200)%2050%),%20linear-gradient(rgb(6,%2013,%2026)%200%,%20rgb(10,%2022,%2040)%20100%)
/home/nsueqygf/virtualenv/pragathipower.com/3.13/lib/python3.13/site-packages/requests/__init__.py:113: RequestsDependencyWarning: urllib3 (2.6.3) or chardet (7.4.3)/charset_normalizer (3.4.4) doesn't match a supported version!
  warnings.warn(
Not Found: /linear-gradient(90deg, rgb(201, 162, 39), rgb(0, 230, 118))/linear-gradient(90deg,%20rgb(201,%20162,%2039),%20rgb(0,%20230,%20118))
Not Found: /linear-gradient(90deg, rgb(0, 230, 118), rgb(0, 229, 255))/linear-gradient(90deg,%20rgb(0,%20230,%20118),%20rgb(0,%20229,%20255))
Not Found: /linear-gradient(rgba(201, 162, 39, 0.04) 1px, rgba(0, 0, 0, 0) 1px), linear-gradient(90deg, rgba(201, 162, 39, 0.04) 1px, rgba(0, 0, 0, 0) 1px)/linear-gradient(rgba(201,%20162,%2039,%200.04)%201px,%20rgba(0,%200,%200,%200)%201px),%20linear-gradient(90deg,%20rgba(201,%20162,%2039,%200.04)%201px,%20rgba(0,%200,%200,%200)%201px)
/home/nsueqygf/virtualenv/pragathipower.com/3.13/lib/python3.13/site-packages/requests/__init__.py:113: RequestsDependencyWarning: urllib3 (2.6.3) or chardet (7.4.3)/charset_normalizer (3.4.4) doesn't match a supported version!
  warnings.warn(
/home/nsueqygf/virtualenv/pragathipower.com/3.13/lib/python3.13/site-packages/requests/__init__.py:113: RequestsDependencyWarning: urllib3 (2.6.3) or chardet (7.4.3)/charset_normalizer (3.4.4) doesn't match a supported version!
  warnings.warn(
/home/nsueqygf/virtualenv/pragathipower.com/3.13/lib/python3.13/site-packages/requests/__init__.py:113: RequestsDependencyWarning: urllib3 (2.6.3) or chardet (7.4.3)/charset_normalizer (3.4.4) doesn't match a supported version!
  warnings.warn(
/home/nsueqygf/virtualenv/pragathipower.com/3.13/lib/python3.13/site-packages/requests/__init__.py:113: RequestsDependencyWarning: urllib3 (2.6.3) or chardet (7.4.3)/charset_normalizer (3.4.4) doesn't match a supported version!
  warnings.warn(
Not Found: /robots.txt
Not Found: /robots.txt
/home/nsueqygf/virtualenv/pragathipower.com/3.13/lib/python3.13/site-packages/requests/__init__.py:113: RequestsDependencyWarning: urllib3 (2.6.3) or chardet (7.4.3)/charset_normalizer (3.4.4) doesn't match a supported version!
  warnings.warn(
Not Found: /robots.txt
Not Found: /robots.txt
/home/nsueqygf/virtualenv/pragathipower.com/3.13/lib/python3.13/site-packages/requests/__init__.py:113: RequestsDependencyWarning: urllib3 (2.6.3) or chardet (7.4.3)/charset_normalizer (3.4.4) doesn't match a supported version!
  warnings.warn(
/home/nsueqygf/virtualenv/pragathipower.com/3.13/lib/python3.13/site-packages/requests/__init__.py:113: RequestsDependencyWarning: urllib3 (2.6.3) or chardet (7.4.3)/charset_normalizer (3.4.4) doesn't match a supported version!
  warnings.warn(
/home/nsueqygf/virtualenv/pragathipower.com/3.13/lib/python3.13/site-packages/requests/__init__.py:113: RequestsDependencyWarning: urllib3 (2.6.3) or chardet (7.4.3)/charset_normalizer (3.4.4) doesn't match a supported version!
  warnings.warn(
/home/nsueqygf/virtualenv/pragathipower.com/3.13/lib/python3.13/site-packages/requests/__init__.py:113: RequestsDependencyWarning: urllib3 (2.6.3) or chardet (7.4.3)/charset_normalizer (3.4.4) doesn't match a supported version!
  warnings.warn(
/home/nsueqygf/virtualenv/pragathipower.com/3.13/lib/python3.13/site-packages/requests/__init__.py:113: RequestsDependencyWarning: urllib3 (2.6.3) or chardet (7.4.3)/charset_normalizer (3.4.4) doesn't match a supported version!
  warnings.warn(
/home/nsueqygf/virtualenv/pragathipower.com/3.13/lib/python3.13/site-packages/requests/__init__.py:113: RequestsDependencyWarning: urllib3 (2.6.3) or chardet (7.4.3)/charset_normalizer (3.4.4) doesn't match a supported version!
  warnings.warn(
/home/nsueqygf/virtualenv/pragathipower.com/3.13/lib/python3.13/site-packages/requests/__init__.py:113: RequestsDependencyWarning: urllib3 (2.6.3) or chardet (7.4.3)/charset_normalizer (3.4.4) doesn't match a supported version!
  warnings.warn(
Not Found: /robots.txt
Not Found: /solar-bengaluru.html
/home/nsueqygf/virtualenv/pragathipower.com/3.13/lib/python3.13/site-packages/requests/__init__.py:113: RequestsDependencyWarning: urllib3 (2.6.3) or chardet (7.4.3)/charset_normalizer (3.4.4) doesn't match a supported version!
  warnings.warn(
Not Found: /robots.txt
/home/nsueqygf/virtualenv/pragathipower.com/3.13/lib/python3.13/site-packages/requests/__init__.py:113: RequestsDependencyWarning: urllib3 (2.6.3) or chardet (7.4.3)/charset_normalizer (3.4.4) doesn't match a supported version!
  warnings.warn(
Not Found: /robots.txt
Not Found: /robots.txt
Not Found: /index.html
/home/nsueqygf/virtualenv/pragathipower.com/3.13/lib/python3.13/site-packages/requests/__init__.py:113: RequestsDependencyWarning: urllib3 (2.6.3) or chardet (7.4.3)/charset_normalizer (3.4.4) doesn't match a supported version!
  warnings.warn(
Not Found: /favicon.ico
Not Found: /favicon.ico
Not Found: /favicon.ico
Not Found: /vendor/
/home/nsueqygf/virtualenv/pragathipower.com/3.13/lib/python3.13/site-packages/requests/__init__.py:113: RequestsDependencyWarning: urllib3 (2.6.3) or chardet (7.4.3)/charset_normalizer (3.4.4) doesn't match a supported version!
  warnings.warn(
/home/nsueqygf/virtualenv/pragathipower.com/3.13/lib/python3.13/site-packages/requests/__init__.py:113: RequestsDependencyWarning: urllib3 (2.6.3) or chardet (7.4.3)/charset_normalizer (3.4.4) doesn't match a supported version!
  warnings.warn(
Not Found: /robots.txt
/home/nsueqygf/virtualenv/pragathipower.com/3.13/lib/python3.13/site-packages/requests/__init__.py:113: RequestsDependencyWarning: urllib3 (2.6.3) or chardet (7.4.3)/charset_normalizer (3.4.4) doesn't match a supported version!
  warnings.warn(
Not Found: /robots.txt
/home/nsueqygf/virtualenv/pragathipower.com/3.13/lib/python3.13/site-packages/requests/__init__.py:113: RequestsDependencyWarning: urllib3 (2.6.3) or chardet (7.4.3)/charset_normalizer (3.4.4) doesn't match a supported version!
  warnings.warn(
/home/nsueqygf/virtualenv/pragathipower.com/3.13/lib/python3.13/site-packages/requests/__init__.py:113: RequestsDependencyWarning: urllib3 (2.6.3) or chardet (7.4.3)/charset_normalizer (3.4.4) doesn't match a supported version!
  warnings.warn(
Not Found: /script.js
Not Found: /style.css
/home/nsueqygf/virtualenv/pragathipower.com/3.13/lib/python3.13/site-packages/requests/__init__.py:113: RequestsDependencyWarning: urllib3 (2.6.3) or chardet (7.4.3)/charset_normalizer (3.4.4) doesn't match a supported version!
  warnings.warn(
Not Found: /index.php
Not Found: /index.php
Not Found: /index.php
Not Found: /index.php
Not Found: /index.php
Not Found: /index.php
Not Found: /index.php
Not Found: /index.php
/home/nsueqygf/virtualenv/pragathipower.com/3.13/lib/python3.13/site-packages/requests/__init__.py:113: RequestsDependencyWarning: urllib3 (2.6.3) or chardet (7.4.3)/charset_normalizer (3.4.4) doesn't match a supported version!
  warnings.warn(
/home/nsueqygf/virtualenv/pragathipower.com/3.13/lib/python3.13/site-packages/requests/__init__.py:113: RequestsDependencyWarning: urllib3 (2.6.3) or chardet (7.4.3)/charset_normalizer (3.4.4) doesn't match a supported version!
  warnings.warn(
/home/nsueqygf/virtualenv/pragathipower.com/3.13/lib/python3.13/site-packages/requests/__init__.py:113: RequestsDependencyWarning: urllib3 (2.6.3) or chardet (7.4.3)/charset_normalizer (3.4.4) doesn't match a supported version!
  warnings.warn(
/home/nsueqygf/virtualenv/pragathipower.com/3.13/lib/python3.13/site-packages/requests/__init__.py:113: RequestsDependencyWarning: urllib3 (2.6.3) or chardet (7.4.3)/charset_normalizer (3.4.4) doesn't match a supported version!
  warnings.warn(
/home/nsueqygf/virtualenv/pragathipower.com/3.13/lib/python3.13/site-packages/requests/__init__.py:113: RequestsDependencyWarning: urllib3 (2.6.3) or chardet (7.4.3)/charset_normalizer (3.4.4) doesn't match a supported version!
  warnings.warn(
/home/nsueqygf/virtualenv/pragathipower.com/3.13/lib/python3.13/site-packages/requests/__init__.py:113: RequestsDependencyWarning: urllib3 (2.6.3) or chardet (7.4.3)/charset_normalizer (3.4.4) doesn't match a supported version!
  warnings.warn(
Not Found: /robots.txt
/home/nsueqygf/virtualenv/pragathipower.com/3.13/lib/python3.13/site-packages/requests/__init__.py:113: RequestsDependencyWarning: urllib3 (2.6.3) or chardet (7.4.3)/charset_normalizer (3.4.4) doesn't match a supported version!
  warnings.warn(
Not Found: /xmlrpc.php
/home/nsueqygf/virtualenv/pragathipower.com/3.13/lib/python3.13/site-packages/requests/__init__.py:113: RequestsDependencyWarning: urllib3 (2.6.3) or chardet (7.4.3)/charset_normalizer (3.4.4) doesn't match a supported version!
  warnings.warn(
/home/nsueqygf/virtualenv/pragathipower.com/3.13/lib/python3.13/site-packages/requests/__init__.py:113: RequestsDependencyWarning: urllib3 (2.6.3) or chardet (7.4.3)/charset_normalizer (3.4.4) doesn't match a supported version!
  warnings.warn(
Not Found: /robots.txt
/home/nsueqygf/virtualenv/pragathipower.com/3.13/lib/python3.13/site-packages/requests/__init__.py:113: RequestsDependencyWarning: urllib3 (2.6.3) or chardet (7.4.3)/charset_normalizer (3.4.4) doesn't match a supported version!
  warnings.warn(
/home/nsueqygf/virtualenv/pragathipower.com/3.13/lib/python3.13/site-packages/requests/__init__.py:113: RequestsDependencyWarning: urllib3 (2.6.3) or chardet (7.4.3)/charset_normalizer (3.4.4) doesn't match a supported version!
  warnings.warn(
/home/nsueqygf/virtualenv/pragathipower.com/3.13/lib/python3.13/site-packages/requests/__init__.py:113: RequestsDependencyWarning: urllib3 (2.6.3) or chardet (7.4.3)/charset_normalizer (3.4.4) doesn't match a supported version!
  warnings.warn(
/home/nsueqygf/virtualenv/pragathipower.com/3.13/lib/python3.13/site-packages/requests/__init__.py:113: RequestsDependencyWarning: urllib3 (2.6.3) or chardet (7.4.3)/charset_normalizer (3.4.4) doesn't match a supported version!
  warnings.warn(
/home/nsueqygf/virtualenv/pragathipower.com/3.13/lib/python3.13/site-packages/requests/__init__.py:113: RequestsDependencyWarning: urllib3 (2.6.3) or chardet (7.4.3)/charset_normalizer (3.4.4) doesn't match a supported version!
  warnings.warn(
/home/nsueqygf/virtualenv/pragathipower.com/3.13/lib/python3.13/site-packages/requests/__init__.py:113: RequestsDependencyWarning: urllib3 (2.6.3) or chardet (7.4.3)/charset_normalizer (3.4.4) doesn't match a supported version!
  warnings.warn(
Not Found: /media/system/js/core.js
Not Found: /wp-includes/js/jquery/jquery.js
/home/nsueqygf/virtualenv/pragathipower.com/3.13/lib/python3.13/site-packages/requests/__init__.py:113: RequestsDependencyWarning: urllib3 (2.6.3) or chardet (7.4.3)/charset_normalizer (3.4.4) doesn't match a supported version!
  warnings.warn(
Not Found: /pricing.html
Not Found: /favicon.ico
/home/nsueqygf/virtualenv/pragathipower.com/3.13/lib/python3.13/site-packages/requests/__init__.py:113: RequestsDependencyWarning: urllib3 (2.6.3) or chardet (7.4.3)/charset_normalizer (3.4.4) doesn't match a supported version!
  warnings.warn(
/home/nsueqygf/virtualenv/pragathipower.com/3.13/lib/python3.13/site-packages/requests/__init__.py:113: RequestsDependencyWarning: urllib3 (2.6.3) or chardet (7.4.3)/charset_normalizer (3.4.4) doesn't match a supported version!
  warnings.warn(
/home/nsueqygf/virtualenv/pragathipower.com/3.13/lib/python3.13/site-packages/requests/__init__.py:113: RequestsDependencyWarning: urllib3 (2.6.3) or chardet (7.4.3)/charset_normalizer (3.4.4) doesn't match a supported version!
  warnings.warn(
/home/nsueqygf/virtualenv/pragathipower.com/3.13/lib/python3.13/site-packages/requests/__init__.py:113: RequestsDependencyWarning: urllib3 (2.6.3) or chardet (7.4.3)/charset_normalizer (3.4.4) doesn't match a supported version!
  warnings.warn(
/home/nsueqygf/virtualenv/pragathipower.com/3.13/lib/python3.13/site-packages/requests/__init__.py:113: RequestsDependencyWarning: urllib3 (2.6.3) or chardet (7.4.3)/charset_normalizer (3.4.4) doesn't match a supported version!
  warnings.warn(
/home/nsueqygf/virtualenv/pragathipower.com/3.13/lib/python3.13/site-packages/requests/__init__.py:113: RequestsDependencyWarning: urllib3 (2.6.3) or chardet (7.4.3)/charset_normalizer (3.4.4) doesn't match a supported version!
  warnings.warn(
/home/nsueqygf/virtualenv/pragathipower.com/3.13/lib/python3.13/site-packages/requests/__init__.py:113: RequestsDependencyWarning: urllib3 (2.6.3) or chardet (7.4.3)/charset_normalizer (3.4.4) doesn't match a supported version!
  warnings.warn(
/home/nsueqygf/virtualenv/pragathipower.com/3.13/lib/python3.13/site-packages/requests/__init__.py:113: RequestsDependencyWarning: urllib3 (2.6.3) or chardet (7.4.3)/charset_normalizer (3.4.4) doesn't match a supported version!
  warnings.warn(
/home/nsueqygf/virtualenv/pragathipower.com/3.13/lib/python3.13/site-packages/requests/__init__.py:113: RequestsDependencyWarning: urllib3 (2.6.3) or chardet (7.4.3)/charset_normalizer (3.4.4) doesn't match a supported version!
  warnings.warn(
/home/nsueqygf/virtualenv/pragathipower.com/3.13/lib/python3.13/site-packages/requests/__init__.py:113: RequestsDependencyWarning: urllib3 (2.6.3) or chardet (7.4.3)/charset_normalizer (3.4.4) doesn't match a supported version!
  warnings.warn(
Not Found: /.well-known/traffic-advice
/home/nsueqygf/virtualenv/pragathipower.com/3.13/lib/python3.13/site-packages/requests/__init__.py:113: RequestsDependencyWarning: urllib3 (2.6.3) or chardet (7.4.3)/charset_normalizer (3.4.4) doesn't match a supported version!
  warnings.warn(
/home/nsueqygf/virtualenv/pragathipower.com/3.13/lib/python3.13/site-packages/requests/__init__.py:113: RequestsDependencyWarning: urllib3 (2.6.3) or chardet (7.4.3)/charset_normalizer (3.4.4) doesn't match a supported version!
  warnings.warn(
Not Found: /favicon.ico
Not Found: /static/images/Favicon.ico
============================================================
VENDOR REGISTRATION FORM SUBMITTED
Vendor created: aca99415-3c54-40a0-bdda-57d086847f9e
Confirmation email sent to dev2@pragathiitads.com
Admin email error: 'Settings' object has no attribute 'ADMIN_EMAIL'
Not Found: /favicon.ico
/home/nsueqygf/virtualenv/pragathipower.com/3.13/lib/python3.13/site-packages/requests/__init__.py:113: RequestsDependencyWarning: urllib3 (2.6.3) or chardet (7.4.3)/charset_normalizer (3.4.4) doesn't match a supported version!
  warnings.warn(
Not Found: /favicon.ico
Not Found: /favicon.ico
Not Found: /favicon.ico
Not Found: /favicon.ico
Not Found: /favicon.ico
/home/nsueqygf/virtualenv/pragathipower.com/3.13/lib/python3.13/site-packages/requests/__init__.py:113: RequestsDependencyWarning: urllib3 (2.6.3) or chardet (7.4.3)/charset_normalizer (3.4.4) doesn't match a supported version!
  warnings.warn(
Not Found: /favicon.ico
Not Found: /static/images/Favicon.ico
============================================================
ENQUIRY DATA RECEIVED:
  fullName: Harshitha
  organization: Harsh pvt.ltd
  email: dev3@pragathiitads.com
  mobile: 9874563210
  pincode: 560090
  officeName: Silvepura B.O
  taluk: Bangalore North
  district: Bangalore Rural
  state: KARNATAKA
  fullAddress: Silvepura B.O, Bangalore North, Bangalore Rural, KARNATAKA - 560090
  selectedPincodes: 
  mainCategory: Solar Energy
  timeline: Immediate (within 1 month)
  contactTime: Morning (9AM-12PM)
  hearFrom: 
  subCategory: Residential
  systemType: On-Grid
  installationType: Rooftop
  areaSqft: 500
  systemKw: 3
============================================================
ENQUIRY SAVED: ENQ-000005
Welcome email with brochure sent to dev3@pragathiitads.com
/home/nsueqygf/virtualenv/pragathipower.com/3.13/lib/python3.13/site-packages/requests/__init__.py:113: RequestsDependencyWarning: urllib3 (2.6.3) or chardet (7.4.3)/charset_normalizer (3.4.4) doesn't match a supported version!
  warnings.warn(
/home/nsueqygf/virtualenv/pragathipower.com/3.13/lib/python3.13/site-packages/requests/__init__.py:113: RequestsDependencyWarning: urllib3 (2.6.3) or chardet (7.4.3)/charset_normalizer (3.4.4) doesn't match a supported version!
  warnings.warn(
Not Found: /robots.txt
Not Found: /admin-panel/staff/login/
/home/nsueqygf/virtualenv/pragathipower.com/3.13/lib/python3.13/site-packages/requests/__init__.py:113: RequestsDependencyWarning: urllib3 (2.6.3) or chardet (7.4.3)/charset_normalizer (3.4.4) doesn't match a supported version!
  warnings.warn(
/home/nsueqygf/virtualenv/pragathipower.com/3.13/lib/python3.13/site-packages/requests/__init__.py:113: RequestsDependencyWarning: urllib3 (2.6.3) or chardet (7.4.3)/charset_normalizer (3.4.4) doesn't match a supported version!
  warnings.warn(
/home/nsueqygf/virtualenv/pragathipower.com/3.13/lib/python3.13/site-packages/requests/__init__.py:113: RequestsDependencyWarning: urllib3 (2.6.3) or chardet (7.4.3)/charset_normalizer (3.4.4) doesn't match a supported version!
  warnings.warn(
/home/nsueqygf/virtualenv/pragathipower.com/3.13/lib/python3.13/site-packages/requests/__init__.py:113: RequestsDependencyWarning: urllib3 (2.6.3) or chardet (7.4.3)/charset_normalizer (3.4.4) doesn't match a supported version!
  warnings.warn(
/home/nsueqygf/virtualenv/pragathipower.com/3.13/lib/python3.13/site-packages/requests/__init__.py:113: RequestsDependencyWarning: urllib3 (2.6.3) or chardet (7.4.3)/charset_normalizer (3.4.4) doesn't match a supported version!
  warnings.warn(
[UID:1042][217452] Child process with pid: 517660 was killed by signal: 15, core dumped: no
/home/nsueqygf/virtualenv/pragathipower.com/3.13/lib/python3.13/site-packages/requests/__init__.py:113: RequestsDependencyWarning: urllib3 (2.6.3) or chardet (7.4.3)/charset_normalizer (3.4.4) doesn't match a supported version!
  warnings.warn(
/home/nsueqygf/virtualenv/pragathipower.com/3.13/lib/python3.13/site-packages/requests/__init__.py:113: RequestsDependencyWarning: urllib3 (2.6.3) or chardet (7.4.3)/charset_normalizer (3.4.4) doesn't match a supported version!
  warnings.warn(
/home/nsueqygf/virtualenv/pragathipower.com/3.13/lib/python3.13/site-packages/requests/__init__.py:113: RequestsDependencyWarning: urllib3 (2.6.3) or chardet (7.4.3)/charset_normalizer (3.4.4) doesn't match a supported version!
  warnings.warn(
/home/nsueqygf/virtualenv/pragathipower.com/3.13/lib/python3.13/site-packages/requests/__init__.py:113: RequestsDependencyWarning: urllib3 (2.6.3) or chardet (7.4.3)/charset_normalizer (3.4.4) doesn't match a supported version!
  warnings.warn(
/home/nsueqygf/virtualenv/pragathipower.com/3.13/lib/python3.13/site-packages/requests/__init__.py:113: RequestsDependencyWarning: urllib3 (2.6.3) or chardet (7.4.3)/charset_normalizer (3.4.4) doesn't match a supported version!
  warnings.warn(
Not Found: /favicon.ico
Not Found: /favicon.ico
/home/nsueqygf/virtualenv/pragathipower.com/3.13/lib/python3.13/site-packages/requests/__init__.py:113: RequestsDependencyWarning: urllib3 (2.6.3) or chardet (7.4.3)/charset_normalizer (3.4.4) doesn't match a supported version!
  warnings.warn(
/home/nsueqygf/virtualenv/pragathipower.com/3.13/lib/python3.13/site-packages/requests/__init__.py:113: RequestsDependencyWarning: urllib3 (2.6.3) or chardet (7.4.3)/charset_normalizer (3.4.4) doesn't match a supported version!
  warnings.warn(
/home/nsueqygf/virtualenv/pragathipower.com/3.13/lib/python3.13/site-packages/requests/__init__.py:113: RequestsDependencyWarning: urllib3 (2.6.3) or chardet (7.4.3)/charset_normalizer (3.4.4) doesn't match a supported version!
  warnings.warn(
Not Found: /favicon.ico
Not Found: /favicon.ico
PO email sent to dev2@pragathiitads.com with PDF
[UID:1042][1082908] Child process with pid: 1083011 was killed by signal: 15, core dumped: no
/home/nsueqygf/virtualenv/pragathipower.com/3.13/lib/python3.13/site-packages/requests/__init__.py:113: RequestsDependencyWarning: urllib3 (2.6.3) or chardet (7.4.3)/charset_normalizer (3.4.4) doesn't match a supported version!
  warnings.warn(
Not Found: /favicon.ico
Internal Server Error: /superadmin/approve-final-report/58ee33aa-7acc-408a-864d-6824685ce6f5/
Traceback (most recent call last):
  File "/home/nsueqygf/virtualenv/pragathipower.com/3.13/lib/python3.13/site-packages/django/core/handlers/exception.py", line 55, in inner
    response = get_response(request)
  File "/home/nsueqygf/virtualenv/pragathipower.com/3.13/lib/python3.13/site-packages/django/core/handlers/base.py", line 198, in _get_response
    response = wrapped_callback(request, *callback_args, **callback_kwargs)
  File "/home/nsueqygf/virtualenv/pragathipower.com/3.13/lib/python3.13/site-packages/django/contrib/auth/decorators.py", line 59, in _view_wrapper
    return view_func(request, *args, **kwargs)
  File "/home/nsueqygf/virtualenv/pragathipower.com/3.13/lib/python3.13/site-packages/django/contrib/auth/decorators.py", line 59, in _view_wrapper
    return view_func(request, *args, **kwargs)
  File "/home/nsueqygf/pragathipower.com/dashboard/views.py", line 4424, in approve_final_report
    return redirect('superadmin:final_reports_list')
  File "/home/nsueqygf/virtualenv/pragathipower.com/3.13/lib/python3.13/site-packages/django/shortcuts.py", line 51, in redirect
    resolve_url(to, *args, **kwargs),
    ~~~~~~~~~~~^^^^^^^^^^^^^^^^^^^^^
  File "/home/nsueqygf/virtualenv/pragathipower.com/3.13/lib/python3.13/site-packages/django/shortcuts.py", line 184, in resolve_url
    return reverse(to, args=args, kwargs=kwargs)
  File "/home/nsueqygf/virtualenv/pragathipower.com/3.13/lib/python3.13/site-packages/django/urls/base.py", line 98, in reverse
    resolved_url = resolver._reverse_with_prefix(view, prefix, *args, **kwargs)
  File "/home/nsueqygf/virtualenv/pragathipower.com/3.13/lib/python3.13/site-packages/django/urls/resolvers.py", line 842, in _reverse_with_prefix
    raise NoReverseMatch(msg)
django.urls.exceptions.NoReverseMatch: Reverse for 'final_reports_list' not found. 'final_reports_list' is not a valid view function or pattern name.
/home/nsueqygf/virtualenv/pragathipower.com/3.13/lib/python3.13/site-packages/requests/__init__.py:113: RequestsDependencyWarning: urllib3 (2.6.3) or chardet (7.4.3)/charset_normalizer (3.4.4) doesn't match a supported version!
  warnings.warn(
Not Found: /favicon.ico
/home/nsueqygf/virtualenv/pragathipower.com/3.13/lib/python3.13/site-packages/requests/__init__.py:113: RequestsDependencyWarning: urllib3 (2.6.3) or chardet (7.4.3)/charset_normalizer (3.4.4) doesn't match a supported version!
  warnings.warn(
/home/nsueqygf/virtualenv/pragathipower.com/3.13/lib/python3.13/site-packages/requests/__init__.py:113: RequestsDependencyWarning: urllib3 (2.6.3) or chardet (7.4.3)/charset_normalizer (3.4.4) doesn't match a supported version!
  warnings.warn(
/home/nsueqygf/virtualenv/pragathipower.com/3.13/lib/python3.13/site-packages/requests/__init__.py:113: RequestsDependencyWarning: urllib3 (2.6.3) or chardet (7.4.3)/charset_normalizer (3.4.4) doesn't match a supported version!
  warnings.warn(
/home/nsueqygf/virtualenv/pragathipower.com/3.13/lib/python3.13/site-packages/requests/__init__.py:113: RequestsDependencyWarning: urllib3 (2.6.3) or chardet (7.4.3)/charset_normalizer (3.4.4) doesn't match a supported version!
  warnings.warn(
/home/nsueqygf/virtualenv/pragathipower.com/3.13/lib/python3.13/site-packages/requests/__init__.py:113: RequestsDependencyWarning: urllib3 (2.6.3) or chardet (7.4.3)/charset_normalizer (3.4.4) doesn't match a supported version!
  warnings.warn(
/home/nsueqygf/virtualenv/pragathipower.com/3.13/lib/python3.13/site-packages/requests/__init__.py:113: RequestsDependencyWarning: urllib3 (2.6.3) or chardet (7.4.3)/charset_normalizer (3.4.4) doesn't match a supported version!
  warnings.warn(
/home/nsueqygf/virtualenv/pragathipower.com/3.13/lib/python3.13/site-packages/requests/__init__.py:113: RequestsDependencyWarning: urllib3 (2.6.3) or chardet (7.4.3)/charset_normalizer (3.4.4) doesn't match a supported version!
  warnings.warn(
/home/nsueqygf/virtualenv/pragathipower.com/3.13/lib/python3.13/site-packages/requests/__init__.py:113: RequestsDependencyWarning: urllib3 (2.6.3) or chardet (7.4.3)/charset_normalizer (3.4.4) doesn't match a supported version!
  warnings.warn(
Not Found: /about.html
Not Found: /favicon.ico
